时间/h,药材半径/cm
0.00000000,2.00000000
0.01666667,1.99498733
0.03333333,1.99001680
0.05000000,1.98508967
0.06666667,1.98020717
0.08333333,1.97537055
0.10000000,1.97058105
0.11666667,1.96583991
0.13333333,1.96114838
0.15000000,1.95650769
0.16666667,1.95191909
0.18333333,1.94738383
0.20000000,1.94290315
0.21666667,1.93847828
0.23333333,1.93411047
0.25000000,1.92980097
0.26666667,1.92555102
0.28333333,1.92136185
0.30000000,1.91723472
0.31666667,1.91317086
0.33333333,1.90917152
0.35000000,1.90523794
0.36666667,1.90137137
0.38333333,1.89757304
0.40000000,1.89384419
0.41666667,1.89018608
0.43333333,1.88659995
0.45000000,1.88308703
0.46666667,1.87964857
0.48333333,1.87628581
0.50000000,1.87300000
0.51666667,1.86979929
0.53333333,1.86668745
0.55000000,1.86365916
0.56666667,1.86070908
0.58333333,1.85783189
0.60000000,1.85502225
0.61666667,1.85227484
0.63333333,1.84958433
0.65000000,1.84694538
0.66666667,1.84435266
0.68333333,1.84180085
0.70000000,1.83928462
0.71666667,1.83679864
0.73333333,1.83433757
0.75000000,1.83189609
0.76666667,1.82946886
0.78333333,1.82705057
0.80000000,1.82463587
0.81666667,1.82221943
0.83333333,1.81979594
0.85000000,1.81736005
0.86666667,1.81490644
0.88333333,1.81242978
0.90000000,1.80992474
0.91666667,1.80738599
0.93333333,1.80480819
0.95000000,1.80218602
0.96666667,1.79951416
0.98333333,1.79678726
1.00000000,1.79400000
1.01666667,1.79115923
1.03333333,1.78827734
1.05000000,1.78535731
1.06666667,1.78240212
1.08333333,1.77941476
1.10000000,1.77639821
1.11666667,1.77335546
1.13333333,1.77028948
1.15000000,1.76720326
1.16666667,1.76409978
1.18333333,1.76098203
1.20000000,1.75785299
1.21666667,1.75471564
1.23333333,1.75157296
1.25000000,1.74842794
1.26666667,1.74528356
1.28333333,1.74214281
1.30000000,1.73900866
1.31666667,1.73588410
1.33333333,1.73277211
1.35000000,1.72967568
1.36666667,1.72659779
1.38333333,1.72354142
1.40000000,1.72050955
1.41666667,1.71750517
1.43333333,1.71453127
1.45000000,1.71159081
1.46666667,1.70868679
1.48333333,1.70582220
1.50000000,1.70300000
1.51666667,1.70018225
1.53333333,1.69733235
1.55000000,1.69445537
1.56666667,1.69155635
1.58333333,1.68864035
1.60000000,1.68571242
1.61666667,1.68277761
1.63333333,1.67984098
1.65000000,1.67690758
1.66666667,1.67398246
1.68333333,1.67107067
1.70000000,1.66817726
1.71666667,1.66530730
1.73333333,1.66246582
1.75000000,1.65965789
1.76666667,1.65688856
1.78333333,1.65416288
1.80000000,1.65148589
1.81666667,1.64886267
1.83333333,1.64629825
1.85000000,1.64379768
1.86666667,1.64136604
1.88333333,1.63900835
1.90000000,1.63672968
1.91666667,1.63453509
1.93333333,1.63242961
1.95000000,1.63041832
1.96666667,1.62850625
1.98333333,1.62669846
2.00000000,1.62500000
2.01666667,1.62338741
2.03333333,1.62183180
2.05000000,1.62033012
2.06666667,1.61887932
2.08333333,1.61747633
2.10000000,1.61611810
2.11666667,1.61480157
2.13333333,1.61352368
2.15000000,1.61228138
2.16666667,1.61107162
2.18333333,1.60989132
2.20000000,1.60873745
2.21666667,1.60760693
2.23333333,1.60649672
2.25000000,1.60540375
2.26666667,1.60432497
2.28333333,1.60325732
2.30000000,1.60219775
2.31666667,1.60114320
2.33333333,1.60009060
2.35000000,1.59903691
2.36666667,1.59797907
2.38333333,1.59691402
2.40000000,1.59583870
2.41666667,1.59475006
2.43333333,1.59364504
2.45000000,1.59252058
2.46666667,1.59137362
2.48333333,1.59020112
2.50000000,1.58900000
2.51666667,1.58778497
2.53333333,1.58657248
2.55000000,1.58536213
2.56666667,1.58415351
2.58333333,1.58294620
2.60000000,1.58173981
2.61666667,1.58053393
2.63333333,1.57932814
2.65000000,1.57812204
2.66666667,1.57691522
2.68333333,1.57570728
2.70000000,1.57449780
2.71666667,1.57328638
2.73333333,1.57207261
2.75000000,1.57085608
2.76666667,1.56963638
2.78333333,1.56841312
2.80000000,1.56718587
2.81666667,1.56595424
2.83333333,1.56471781
2.85000000,1.56347617
2.86666667,1.56222893
2.88333333,1.56097566
2.90000000,1.55971597
2.91666667,1.55844944
2.93333333,1.55717567
2.95000000,1.55589425
2.96666667,1.55460477
2.98333333,1.55330682
3.00000000,1.55200000
3.01666667,1.55067739
3.03333333,1.54933347
3.05000000,1.54796996
3.06666667,1.54658856
3.08333333,1.54519100
3.10000000,1.54377897
3.11666667,1.54235420
3.13333333,1.54091838
3.15000000,1.53947324
3.16666667,1.53802048
3.18333333,1.53656181
3.20000000,1.53509894
3.21666667,1.53363359
3.23333333,1.53216747
3.25000000,1.53070228
3.26666667,1.52923973
3.28333333,1.52778155
3.30000000,1.52632943
3.31666667,1.52488509
3.33333333,1.52345024
3.35000000,1.52202659
3.36666667,1.52061585
3.38333333,1.51921973
3.40000000,1.51783994
3.41666667,1.51647820
3.43333333,1.51513621
3.45000000,1.51381568
3.46666667,1.51251833
3.48333333,1.51124587
3.50000000,1.51000000
3.51666667,1.50877497
3.53333333,1.50756351
3.55000000,1.50636510
3.56666667,1.50517920
3.58333333,1.50400529
3.60000000,1.50284283
3.61666667,1.50169130
3.63333333,1.50055016
3.65000000,1.49941888
3.66666667,1.49829693
3.68333333,1.49718378
3.70000000,1.49607890
3.71666667,1.49498176
3.73333333,1.49389183
3.75000000,1.49280857
3.76666667,1.49173146
3.78333333,1.49065997
3.80000000,1.48959355
3.81666667,1.48853170
3.83333333,1.48747386
3.85000000,1.48641952
3.86666667,1.48536814
3.88333333,1.48431919
3.90000000,1.48327214
3.91666667,1.48222646
3.93333333,1.48118161
3.95000000,1.48013707
3.96666667,1.47909231
3.98333333,1.47804680
4.00000000,1.47700000
4.01666667,1.47595125
4.03333333,1.47490060
4.05000000,1.47384863
4.06666667,1.47279588
4.08333333,1.47174294
4.10000000,1.47069035
4.11666667,1.46963869
4.13333333,1.46858851
4.15000000,1.46754038
4.16666667,1.46649486
4.18333333,1.46545251
4.20000000,1.46441391
4.21666667,1.46337960
4.23333333,1.46235016
4.25000000,1.46132615
4.26666667,1.46030812
4.28333333,1.45929665
4.30000000,1.45829229
4.31666667,1.45729561
4.33333333,1.45630718
4.35000000,1.45532755
4.36666667,1.45435728
4.38333333,1.45339695
4.40000000,1.45244712
4.41666667,1.45150834
4.43333333,1.45058118
4.45000000,1.44966620
4.46666667,1.44876397
4.48333333,1.44787505
4.50000000,1.44700000
4.51666667,1.44614069
4.53333333,1.44529789
4.55000000,1.44447050
4.56666667,1.44365746
4.58333333,1.44285767
4.60000000,1.44207005
4.61666667,1.44129352
4.63333333,1.44052699
4.65000000,1.43976937
4.66666667,1.43901959
4.68333333,1.43827657
4.70000000,1.43753921
4.71666667,1.43680643
4.73333333,1.43607715
4.75000000,1.43535028
4.76666667,1.43462475
4.78333333,1.43389946
4.80000000,1.43317334
4.81666667,1.43244529
4.83333333,1.43171424
4.85000000,1.43097910
4.86666667,1.43023879
4.88333333,1.42949222
4.90000000,1.42873831
4.91666667,1.42797598
4.93333333,1.42720414
4.95000000,1.42642170
4.96666667,1.42562759
4.98333333,1.42482072
5.00000000,1.42400000
5.01666667,1.42316496
5.03333333,1.42231648
5.05000000,1.42145552
5.06666667,1.42058304
5.08333333,1.41970000
5.10000000,1.41880736
5.11666667,1.41790608
5.13333333,1.41699712
5.15000000,1.41608144
5.16666667,1.41516000
5.18333333,1.41423376
5.20000000,1.41330368
5.21666667,1.41237072
5.23333333,1.41143584
5.25000000,1.41050000
5.26666667,1.40956416
5.28333333,1.40862928
5.30000000,1.40769632
5.31666667,1.40676624
5.33333333,1.40584000
5.35000000,1.40491856
5.36666667,1.40400288
5.38333333,1.40309392
5.40000000,1.40219264
5.41666667,1.40130000
5.43333333,1.40041696
5.45000000,1.39954448
5.46666667,1.39868352
5.48333333,1.39783504
5.50000000,1.39700000
5.51666667,1.39617301
5.53333333,1.39534818
5.55000000,1.39452572
5.56666667,1.39370584
5.58333333,1.39288878
5.60000000,1.39207472
5.61666667,1.39126390
5.63333333,1.39045653
5.65000000,1.38965281
5.66666667,1.38885297
5.68333333,1.38805722
5.70000000,1.38726577
5.71666667,1.38647884
5.73333333,1.38569664
5.75000000,1.38491939
5.76666667,1.38414730
5.78333333,1.38338058
5.80000000,1.38261946
5.81666667,1.38186414
5.83333333,1.38111483
5.85000000,1.38037176
5.86666667,1.37963514
5.88333333,1.37890518
5.90000000,1.37818210
5.91666667,1.37746610
5.93333333,1.37675741
5.95000000,1.37605624
5.96666667,1.37536281
5.98333333,1.37467732
6.00000000,1.37400000
6.01666667,1.37333215
6.03333333,1.37267454
6.05000000,1.37202657
6.06666667,1.37138766
6.08333333,1.37075720
6.10000000,1.37013459
6.11666667,1.36951925
6.13333333,1.36891057
6.15000000,1.36830797
6.16666667,1.36771083
6.18333333,1.36711858
6.20000000,1.36653061
6.21666667,1.36594632
6.23333333,1.36536512
6.25000000,1.36478642
6.26666667,1.36420962
6.28333333,1.36363412
6.30000000,1.36305932
6.31666667,1.36248464
6.33333333,1.36190947
6.35000000,1.36133322
6.36666667,1.36075529
6.38333333,1.36017509
6.40000000,1.35959203
6.41666667,1.35900549
6.43333333,1.35841490
6.45000000,1.35781965
6.46666667,1.35721915
6.48333333,1.35661280
6.50000000,1.35600000
6.51666667,1.35538091
6.53333333,1.35475640
6.55000000,1.35412694
6.56666667,1.35349300
6.58333333,1.35285507
6.60000000,1.35221362
6.61666667,1.35156912
6.63333333,1.35092205
6.65000000,1.35027289
6.66666667,1.34962211
6.68333333,1.34897019
6.70000000,1.34831760
6.71666667,1.34766483
6.73333333,1.34701234
6.75000000,1.34636062
6.76666667,1.34571013
6.78333333,1.34506136
6.80000000,1.34441478
6.81666667,1.34377087
6.83333333,1.34313010
6.85000000,1.34249295
6.86666667,1.34185990
6.88333333,1.34123141
6.90000000,1.34060798
6.91666667,1.33999006
6.93333333,1.33937815
6.95000000,1.33877271
6.96666667,1.33817422
6.98333333,1.33758316
7.00000000,1.33700000
7.01666667,1.33641998
7.03333333,1.33583837
7.05000000,1.33525568
7.06666667,1.33467243
7.08333333,1.33408913
7.10000000,1.33350630
7.11666667,1.33292446
7.13333333,1.33234411
7.15000000,1.33176578
7.16666667,1.33118999
7.18333333,1.33061724
7.20000000,1.33004805
7.21666667,1.32948295
7.23333333,1.32892243
7.25000000,1.32836703
7.26666667,1.32781726
7.28333333,1.32727363
7.30000000,1.32673665
7.31666667,1.32620685
7.33333333,1.32568474
7.35000000,1.32517083
7.36666667,1.32466564
7.38333333,1.32416970
7.40000000,1.32368350
7.41666667,1.32320757
7.43333333,1.32274243
7.45000000,1.32228858
7.46666667,1.32184655
7.48333333,1.32141685
7.50000000,1.32100000
7.51666667,1.32059576
7.53333333,1.32020309
7.55000000,1.31982126
7.56666667,1.31944956
7.58333333,1.31908728
7.60000000,1.31873371
7.61666667,1.31838812
7.63333333,1.31804980
7.65000000,1.31771804
7.66666667,1.31739213
7.68333333,1.31707134
7.70000000,1.31675497
7.71666667,1.31644229
7.73333333,1.31613260
7.75000000,1.31582517
7.76666667,1.31551931
7.78333333,1.31521428
7.80000000,1.31490937
7.81666667,1.31460387
7.83333333,1.31429707
7.85000000,1.31398825
7.86666667,1.31367670
7.88333333,1.31336169
7.90000000,1.31304252
7.91666667,1.31271847
7.93333333,1.31238882
7.95000000,1.31205287
7.96666667,1.31170989
7.98333333,1.31135917
8.00000000,1.31100000
8.01666667,1.31063140
8.03333333,1.31025340
8.05000000,1.30986676
8.06666667,1.30947227
8.08333333,1.30907071
8.10000000,1.30866284
8.11666667,1.30824944
8.13333333,1.30783129
8.15000000,1.30740916
8.16666667,1.30698384
8.18333333,1.30655609
8.20000000,1.30612669
8.21666667,1.30569642
8.23333333,1.30526605
8.25000000,1.30483636
8.26666667,1.30440813
8.28333333,1.30398213
8.30000000,1.30355913
8.31666667,1.30313991
8.33333333,1.30272525
8.35000000,1.30231593
8.36666667,1.30191271
8.38333333,1.30151638
8.40000000,1.30112771
8.41666667,1.30074747
8.43333333,1.30037645
8.45000000,1.30001542
8.46666667,1.29966515
8.48333333,1.29932642
8.50000000,1.29900000
8.51666667,1.29868445
8.53333333,1.29837744
8.55000000,1.29807840
8.56666667,1.29778679
8.58333333,1.29750206
8.60000000,1.29722364
8.61666667,1.29695100
8.63333333,1.29668357
8.65000000,1.29642080
8.66666667,1.29616214
8.68333333,1.29590704
8.70000000,1.29565493
8.71666667,1.29540528
8.73333333,1.29515752
8.75000000,1.29491111
8.76666667,1.29466549
8.78333333,1.29442010
8.80000000,1.29417440
8.81666667,1.29392783
8.83333333,1.29367984
8.85000000,1.29342987
8.86666667,1.29317737
8.88333333,1.29292179
8.90000000,1.29266258
8.91666667,1.29239918
8.93333333,1.29213104
8.95000000,1.29185760
8.96666667,1.29157832
8.98333333,1.29129264
9.00000000,1.29100000
9.01666667,1.29070008
9.03333333,1.29039325
9.05000000,1.29008000
9.06666667,1.28976082
9.08333333,1.28943621
9.10000000,1.28910667
9.11666667,1.28877267
9.13333333,1.28843473
9.15000000,1.28809333
9.16666667,1.28774897
9.18333333,1.28740214
9.20000000,1.28705333
9.21666667,1.28670305
9.23333333,1.28635177
9.25000000,1.28600000
9.26666667,1.28564823
9.28333333,1.28529695
9.30000000,1.28494667
9.31666667,1.28459786
9.33333333,1.28425103
9.35000000,1.28390667
9.36666667,1.28356527
9.38333333,1.28322733
9.40000000,1.28289333
9.41666667,1.28256379
9.43333333,1.28223918
9.45000000,1.28192000
9.46666667,1.28160675
9.48333333,1.28129992
9.50000000,1.28100000
9.51666667,1.28070507
9.53333333,1.28041283
9.55000000,1.28012320
9.56666667,1.27983610
9.58333333,1.27955144
9.60000000,1.27926916
9.61666667,1.27898916
9.63333333,1.27871138
9.65000000,1.27843573
9.66666667,1.27816214
9.68333333,1.27789052
9.70000000,1.27762080
9.71666667,1.27735290
9.73333333,1.27708673
9.75000000,1.27682222
9.76666667,1.27655930
9.78333333,1.27629787
9.80000000,1.27603787
9.81666667,1.27577921
9.83333333,1.27552181
9.85000000,1.27526560
9.86666667,1.27501050
9.88333333,1.27475642
9.90000000,1.27450329
9.91666667,1.27425103
9.93333333,1.27399956
9.95000000,1.27374880
9.96666667,1.27349867
9.98333333,1.27324910
10.00000000,1.27300000
10.01666667,1.27275155
10.03333333,1.27250400
10.05000000,1.27225735
10.06666667,1.27201163
10.08333333,1.27176686
10.10000000,1.27152304
10.11666667,1.27128019
10.13333333,1.27103833
10.15000000,1.27079748
10.16666667,1.27055764
10.18333333,1.27031885
10.20000000,1.27008111
10.21666667,1.26984443
10.23333333,1.26960885
10.25000000,1.26937436
10.26666667,1.26914099
10.28333333,1.26890875
10.30000000,1.26867766
10.31666667,1.26844774
10.33333333,1.26821899
10.35000000,1.26799145
10.36666667,1.26776511
10.38333333,1.26754001
10.40000000,1.26731614
10.41666667,1.26709354
10.43333333,1.26687222
10.45000000,1.26665218
10.46666667,1.26643346
10.48333333,1.26621606
10.50000000,1.26600000
10.51666667,1.26578612
10.53333333,1.26557511
10.55000000,1.26536677
10.56666667,1.26516089
10.58333333,1.26495726
10.60000000,1.26475569
10.61666667,1.26455597
10.63333333,1.26435788
10.65000000,1.26416123
10.66666667,1.26396581
10.68333333,1.26377142
10.70000000,1.26357785
10.71666667,1.26338489
10.73333333,1.26319234
10.75000000,1.26300000
10.76666667,1.26280766
10.78333333,1.26261511
10.80000000,1.26242215
10.81666667,1.26222858
10.83333333,1.26203419
10.85000000,1.26183877
10.86666667,1.26164212
10.88333333,1.26144403
10.90000000,1.26124431
10.91666667,1.26104274
10.93333333,1.26083911
10.95000000,1.26063323
10.96666667,1.26042489
10.98333333,1.26021388
11.00000000,1.26000000
11.01666667,1.25978219
11.03333333,1.25955976
11.05000000,1.25933312
11.06666667,1.25910262
11.08333333,1.25886865
11.10000000,1.25863159
11.11666667,1.25839182
11.13333333,1.25814971
11.15000000,1.25790565
11.16666667,1.25766002
11.18333333,1.25741319
11.20000000,1.25716554
11.21666667,1.25691745
11.23333333,1.25666930
11.25000000,1.25642147
11.26666667,1.25617434
11.28333333,1.25592829
11.30000000,1.25568369
11.31666667,1.25544093
11.33333333,1.25520038
11.35000000,1.25496242
11.36666667,1.25472744
11.38333333,1.25449580
11.40000000,1.25426790
11.41666667,1.25404410
11.43333333,1.25382479
11.45000000,1.25361035
11.46666667,1.25340115
11.48333333,1.25319757
11.50000000,1.25300000
11.51666667,1.25280678
11.53333333,1.25261597
11.55000000,1.25242750
11.56666667,1.25224132
11.58333333,1.25205736
11.60000000,1.25187556
11.61666667,1.25169585
11.63333333,1.25151819
11.65000000,1.25134250
11.66666667,1.25116872
11.68333333,1.25099680
11.70000000,1.25082667
11.71666667,1.25065826
11.73333333,1.25049152
11.75000000,1.25032639
11.76666667,1.25016280
11.78333333,1.25000069
11.80000000,1.24984000
11.81666667,1.24968067
11.83333333,1.24952263
11.85000000,1.24936583
11.86666667,1.24921021
11.88333333,1.24905569
11.90000000,1.24890222
11.91666667,1.24874974
11.93333333,1.24859819
11.95000000,1.24844750
11.96666667,1.24829761
11.98333333,1.24814847
12.00000000,1.24800000
12.01666667,1.24785282
12.03333333,1.24770752
12.05000000,1.24756400
12.06666667,1.24742216
12.08333333,1.24728189
12.10000000,1.24714311
12.11666667,1.24700571
12.13333333,1.24686960
12.15000000,1.24673467
12.16666667,1.24660082
12.18333333,1.24646797
12.20000000,1.24633600
12.21666667,1.24620482
12.23333333,1.24607434
12.25000000,1.24594444
12.26666667,1.24581505
12.28333333,1.24568604
12.30000000,1.24555733
12.31666667,1.24542882
12.33333333,1.24530041
12.35000000,1.24517200
12.36666667,1.24504349
12.38333333,1.24491478
12.40000000,1.24478578
12.41666667,1.24465638
12.43333333,1.24452649
12.45000000,1.24439600
12.46666667,1.24426482
12.48333333,1.24413286
12.50000000,1.24400000
12.51666667,1.24386667
12.53333333,1.24373333
12.55000000,1.24360000
12.56666667,1.24346667
12.58333333,1.24333333
12.60000000,1.24320000
12.61666667,1.24306667
12.63333333,1.24293333
12.65000000,1.24280000
12.66666667,1.24266667
12.68333333,1.24253333
12.70000000,1.24240000
12.71666667,1.24226667
12.73333333,1.24213333
12.75000000,1.24200000
12.76666667,1.24186667
12.78333333,1.24173333
12.80000000,1.24160000
12.81666667,1.24146667
12.83333333,1.24133333
12.85000000,1.24120000
12.86666667,1.24106667
12.88333333,1.24093333
12.90000000,1.24080000
12.91666667,1.24066667
12.93333333,1.24053333
12.95000000,1.24040000
12.96666667,1.24026667
12.98333333,1.24013333
13.00000000,1.24000000
13.01666667,1.23986605
13.03333333,1.23973096
13.05000000,1.23959486
13.06666667,1.23945786
13.08333333,1.23932011
13.10000000,1.23918171
13.11666667,1.23904281
13.13333333,1.23890353
13.15000000,1.23876400
13.16666667,1.23862434
13.18333333,1.23848468
13.20000000,1.23834514
13.21666667,1.23820586
13.23333333,1.23806696
13.25000000,1.23792857
13.26666667,1.23779081
13.28333333,1.23765382
13.30000000,1.23751771
13.31666667,1.23738262
13.33333333,1.23724868
13.35000000,1.23711600
13.36666667,1.23698472
13.38333333,1.23685496
13.40000000,1.23672686
13.41666667,1.23660053
13.43333333,1.23647611
13.45000000,1.23635371
13.46666667,1.23623348
13.48333333,1.23611553
13.50000000,1.23600000
13.51666667,1.23588711
13.53333333,1.23577689
13.55000000,1.23566914
13.56666667,1.23556368
13.58333333,1.23546032
13.60000000,1.23535886
13.61666667,1.23525911
13.63333333,1.23516089
13.65000000,1.23506400
13.66666667,1.23496825
13.68333333,1.23487346
13.70000000,1.23477943
13.71666667,1.23468597
13.73333333,1.23459289
13.75000000,1.23450000
13.76666667,1.23440711
13.78333333,1.23431403
13.80000000,1.23422057
13.81666667,1.23412654
13.83333333,1.23403175
13.85000000,1.23393600
13.86666667,1.23383911
13.88333333,1.23374089
13.90000000,1.23364114
13.91666667,1.23353968
13.93333333,1.23343632
13.95000000,1.23333086
13.96666667,1.23322311
13.98333333,1.23311289
14.00000000,1.23300000
14.01666667,1.23288385
14.03333333,1.23276415
14.05000000,1.23264114
14.06666667,1.23251509
14.08333333,1.23238624
14.10000000,1.23225486
14.11666667,1.23212119
14.13333333,1.23198548
14.15000000,1.23184800
14.16666667,1.23170899
14.18333333,1.23156872
14.20000000,1.23142743
14.21666667,1.23128538
14.23333333,1.23114281
14.25000000,1.23100000
14.26666667,1.23085719
14.28333333,1.23071462
14.30000000,1.23057257
14.31666667,1.23043128
14.33333333,1.23029101
14.35000000,1.23015200
14.36666667,1.23001452
14.38333333,1.22987881
14.40000000,1.22974514
14.41666667,1.22961376
14.43333333,1.22948491
14.45000000,1.22935886
14.46666667,1.22923585
14.48333333,1.22911615
14.50000000,1.22900000
14.51666667,1.22888665
14.53333333,1.22877511
14.55000000,1.22866529
14.56666667,1.22855708
14.58333333,1.22845040
14.60000000,1.22834514
14.61666667,1.22824122
14.63333333,1.22813854
14.65000000,1.22803700
14.66666667,1.22793651
14.68333333,1.22783697
14.70000000,1.22773829
14.71666667,1.22764037
14.73333333,1.22754311
14.75000000,1.22744643
14.76666667,1.22735022
14.78333333,1.22725440
14.80000000,1.22715886
14.81666667,1.22706351
14.83333333,1.22696825
14.85000000,1.22687300
14.86666667,1.22677765
14.88333333,1.22668211
14.90000000,1.22658629
14.91666667,1.22649008
14.93333333,1.22639340
14.95000000,1.22629614
14.96666667,1.22619822
14.98333333,1.22609954
15.00000000,1.22600000
15.01666667,1.22589936
15.03333333,1.22579751
15.05000000,1.22569460
15.06666667,1.22559076
15.08333333,1.22548611
15.10000000,1.22538080
15.11666667,1.22527496
15.13333333,1.22516871
15.15000000,1.22506220
15.16666667,1.22495556
15.18333333,1.22484891
15.20000000,1.22474240
15.21666667,1.22463616
15.23333333,1.22453031
15.25000000,1.22442500
15.26666667,1.22432036
15.28333333,1.22421651
15.30000000,1.22411360
15.31666667,1.22401176
15.33333333,1.22391111
15.35000000,1.22381180
15.36666667,1.22371396
15.38333333,1.22361771
15.40000000,1.22352320
15.41666667,1.22343056
15.43333333,1.22333991
15.45000000,1.22325140
15.46666667,1.22316516
15.48333333,1.22308131
15.50000000,1.22300000
15.51666667,1.22292087
15.53333333,1.22284344
15.55000000,1.22276760
15.56666667,1.22269327
15.58333333,1.22262037
15.60000000,1.22254880
15.61666667,1.22247847
15.63333333,1.22240930
15.65000000,1.22234120
15.66666667,1.22227407
15.68333333,1.22220784
15.70000000,1.22214240
15.71666667,1.22207767
15.73333333,1.22201357
15.75000000,1.22195000
15.76666667,1.22188687
15.78333333,1.22182410
15.80000000,1.22176160
15.81666667,1.22169927
15.83333333,1.22163704
15.85000000,1.22157480
15.86666667,1.22151247
15.88333333,1.22144997
15.90000000,1.22138720
15.91666667,1.22132407
15.93333333,1.22126050
15.95000000,1.22119640
15.96666667,1.22113167
15.98333333,1.22106624
16.00000000,1.22100000
16.01666667,1.22093262
16.03333333,1.22086390
16.05000000,1.22079400
16.06666667,1.22072306
16.08333333,1.22065123
16.10000000,1.22057867
16.11666667,1.22050551
16.13333333,1.22043190
16.15000000,1.22035800
16.16666667,1.22028395
16.18333333,1.22020990
16.20000000,1.22013600
16.21666667,1.22006240
16.23333333,1.21998923
16.25000000,1.21991667
16.26666667,1.21984484
16.28333333,1.21977390
16.30000000,1.21970400
16.31666667,1.21963528
16.33333333,1.21956790
16.35000000,1.21950200
16.36666667,1.21943773
16.38333333,1.21937523
16.40000000,1.21931467
16.41666667,1.21925617
16.43333333,1.21919990
16.45000000,1.21914600
16.46666667,1.21909462
16.48333333,1.21904590
16.50000000,1.21900000
16.51666667,1.21895664
16.53333333,1.21891536
16.55000000,1.21887600
16.56666667,1.21883842
16.58333333,1.21880247
16.60000000,1.21876800
16.61666667,1.21873486
16.63333333,1.21870291
16.65000000,1.21867200
16.66666667,1.21864198
16.68333333,1.21861269
16.70000000,1.21858400
16.71666667,1.21855575
16.73333333,1.21852780
16.75000000,1.21850000
16.76666667,1.21847220
16.78333333,1.21844425
16.80000000,1.21841600
16.81666667,1.21838731
16.83333333,1.21835802
16.85000000,1.21832800
16.86666667,1.21829709
16.88333333,1.21826514
16.90000000,1.21823200
16.91666667,1.21819753
16.93333333,1.21816158
16.95000000,1.21812400
16.96666667,1.21808464
16.98333333,1.21804336
17.00000000,1.21800000
17.01666667,1.21795410
17.03333333,1.21790538
17.05000000,1.21785400
17.06666667,1.21780010
17.08333333,1.21774383
17.10000000,1.21768533
17.11666667,1.21762477
17.13333333,1.21756227
17.15000000,1.21749800
17.16666667,1.21743210
17.18333333,1.21736472
17.20000000,1.21729600
17.21666667,1.21722610
17.23333333,1.21715516
17.25000000,1.21708333
17.26666667,1.21701077
17.28333333,1.21693760
17.30000000,1.21686400
17.31666667,1.21679010
17.33333333,1.21671605
17.35000000,1.21664200
17.36666667,1.21656810
17.38333333,1.21649449
17.40000000,1.21642133
17.41666667,1.21634877
17.43333333,1.21627694
17.45000000,1.21620600
17.46666667,1.21613610
17.48333333,1.21606738
17.50000000,1.21600000
17.51666667,1.21593262
17.53333333,1.21586390
17.55000000,1.21579400
17.56666667,1.21572306
17.58333333,1.21565123
17.60000000,1.21557867
17.61666667,1.21550551
17.63333333,1.21543190
17.65000000,1.21535800
17.66666667,1.21528395
17.68333333,1.21520990
17.70000000,1.21513600
17.71666667,1.21506240
17.73333333,1.21498923
17.75000000,1.21491667
17.76666667,1.21484484
17.78333333,1.21477390
17.80000000,1.21470400
17.81666667,1.21463528
17.83333333,1.21456790
17.85000000,1.21450200
17.86666667,1.21443773
17.88333333,1.21437523
17.90000000,1.21431467
17.91666667,1.21425617
17.93333333,1.21419990
17.95000000,1.21414600
17.96666667,1.21409462
17.98333333,1.21404590
18.00000000,1.21400000
18.01666667,1.21395628
18.03333333,1.21391398
18.05000000,1.21387300
18.06666667,1.21383328
18.08333333,1.21379475
18.10000000,1.21375733
18.11666667,1.21372095
18.13333333,1.21368553
18.15000000,1.21365100
18.16666667,1.21361728
18.18333333,1.21358431
18.20000000,1.21355200
18.21666667,1.21352028
18.23333333,1.21348909
18.25000000,1.21345833
18.26666667,1.21342795
18.28333333,1.21339786
18.30000000,1.21336800
18.31666667,1.21333828
18.33333333,1.21330864
18.35000000,1.21327900
18.36666667,1.21324928
18.38333333,1.21321942
18.40000000,1.21318933
18.41666667,1.21315895
18.43333333,1.21312820
18.45000000,1.21309700
18.46666667,1.21306528
18.48333333,1.21303298
18.50000000,1.21300000
18.51666667,1.21296667
18.53333333,1.21293333
18.55000000,1.21290000
18.56666667,1.21286667
18.58333333,1.21283333
18.60000000,1.21280000
18.61666667,1.21276667
18.63333333,1.21273333
18.65000000,1.21270000
18.66666667,1.21266667
18.68333333,1.21263333
18.70000000,1.21260000
18.71666667,1.21256667
18.73333333,1.21253333
18.75000000,1.21250000
18.76666667,1.21246667
18.78333333,1.21243333
18.80000000,1.21240000
18.81666667,1.21236667
18.83333333,1.21233333
18.85000000,1.21230000
18.86666667,1.21226667
18.88333333,1.21223333
18.90000000,1.21220000
18.91666667,1.21216667
18.93333333,1.21213333
18.95000000,1.21210000
18.96666667,1.21206667
18.98333333,1.21203333
19.00000000,1.21200000
19.01666667,1.21196667
19.03333333,1.21193333
19.05000000,1.21190000
19.06666667,1.21186667
19.08333333,1.21183333
19.10000000,1.21180000
19.11666667,1.21176667
19.13333333,1.21173333
19.15000000,1.21170000
19.16666667,1.21166667
19.18333333,1.21163333
19.20000000,1.21160000
19.21666667,1.21156667
19.23333333,1.21153333
19.25000000,1.21150000
19.26666667,1.21146667
19.28333333,1.21143333
19.30000000,1.21140000
19.31666667,1.21136667
19.33333333,1.21133333
19.35000000,1.21130000
19.36666667,1.21126667
19.38333333,1.21123333
19.40000000,1.21120000
19.41666667,1.21116667
19.43333333,1.21113333
19.45000000,1.21110000
19.46666667,1.21106667
19.48333333,1.21103333
19.50000000,1.21100000
19.51666667,1.21096667
19.53333333,1.21093333
19.55000000,1.21090000
19.56666667,1.21086667
19.58333333,1.21083333
19.60000000,1.21080000
19.61666667,1.21076667
19.63333333,1.21073333
19.65000000,1.21070000
19.66666667,1.21066667
19.68333333,1.21063333
19.70000000,1.21060000
19.71666667,1.21056667
19.73333333,1.21053333
19.75000000,1.21050000
19.76666667,1.21046667
19.78333333,1.21043333
19.80000000,1.21040000
19.81666667,1.21036667
19.83333333,1.21033333
19.85000000,1.21030000
19.86666667,1.21026667
19.88333333,1.21023333
19.90000000,1.21020000
19.91666667,1.21016667
19.93333333,1.21013333
19.95000000,1.21010000
19.96666667,1.21006667
19.98333333,1.21003333
20.00000000,1.21000000
20.01666667,1.20996667
20.03333333,1.20993333
20.05000000,1.20990000
20.06666667,1.20986667
20.08333333,1.20983333
20.10000000,1.20980000
20.11666667,1.20976667
20.13333333,1.20973333
20.15000000,1.20970000
20.16666667,1.20966667
20.18333333,1.20963333
20.20000000,1.20960000
20.21666667,1.20956667
20.23333333,1.20953333
20.25000000,1.20950000
20.26666667,1.20946667
20.28333333,1.20943333
20.30000000,1.20940000
20.31666667,1.20936667
20.33333333,1.20933333
20.35000000,1.20930000
20.36666667,1.20926667
20.38333333,1.20923333
20.40000000,1.20920000
20.41666667,1.20916667
20.43333333,1.20913333
20.45000000,1.20910000
20.46666667,1.20906667
20.48333333,1.20903333
20.50000000,1.20900000
20.51666667,1.20896667
20.53333333,1.20893333
20.55000000,1.20890000
20.56666667,1.20886667
20.58333333,1.20883333
20.60000000,1.20880000
20.61666667,1.20876667
20.63333333,1.20873333
20.65000000,1.20870000
20.66666667,1.20866667
20.68333333,1.20863333
20.70000000,1.20860000
20.71666667,1.20856667
20.73333333,1.20853333
20.75000000,1.20850000
20.76666667,1.20846667
20.78333333,1.20843333
20.80000000,1.20840000
20.81666667,1.20836667
20.83333333,1.20833333
20.85000000,1.20830000
20.86666667,1.20826667
20.88333333,1.20823333
20.90000000,1.20820000
20.91666667,1.20816667
20.93333333,1.20813333
20.95000000,1.20810000
20.96666667,1.20806667
20.98333333,1.20803333
21.00000000,1.20800000
21.01666667,1.20796667
21.03333333,1.20793333
21.05000000,1.20790000
21.06666667,1.20786667
21.08333333,1.20783333
21.10000000,1.20780000
21.11666667,1.20776667
21.13333333,1.20773333
21.15000000,1.20770000
21.16666667,1.20766667
21.18333333,1.20763333
21.20000000,1.20760000
21.21666667,1.20756667
21.23333333,1.20753333
21.25000000,1.20750000
21.26666667,1.20746667
21.28333333,1.20743333
21.30000000,1.20740000
21.31666667,1.20736667
21.33333333,1.20733333
21.35000000,1.20730000
21.36666667,1.20726667
21.38333333,1.20723333
21.40000000,1.20720000
21.41666667,1.20716667
21.43333333,1.20713333
21.45000000,1.20710000
21.46666667,1.20706667
21.48333333,1.20703333
21.50000000,1.20700000
21.51666667,1.20696559
21.53333333,1.20692919
21.55000000,1.20689100
21.56666667,1.20685126
21.58333333,1.20681019
21.60000000,1.20676800
21.61666667,1.20672493
21.63333333,1.20668119
21.65000000,1.20663700
21.66666667,1.20659259
21.68333333,1.20654819
21.70000000,1.20650400
21.71666667,1.20646026
21.73333333,1.20641719
21.75000000,1.20637500
21.76666667,1.20633393
21.78333333,1.20629419
21.80000000,1.20625600
21.81666667,1.20621959
21.83333333,1.20618519
21.85000000,1.20615300
21.86666667,1.20612326
21.88333333,1.20609619
21.90000000,1.20607200
21.91666667,1.20605093
21.93333333,1.20603319
21.95000000,1.20601900
21.96666667,1.20600859
21.98333333,1.20600219
22.00000000,1.20600000
22.01666667,1.20600000
22.03333333,1.20600000
22.05000000,1.20600000
22.06666667,1.20600000
22.08333333,1.20600000
22.10000000,1.20600000
22.11666667,1.20600000
22.13333333,1.20600000
22.15000000,1.20600000
22.16666667,1.20600000
22.18333333,1.20600000
22.20000000,1.20600000
22.21666667,1.20600000
22.23333333,1.20600000
22.25000000,1.20600000
22.26666667,1.20600000
22.28333333,1.20600000
22.30000000,1.20600000
22.31666667,1.20600000
22.33333333,1.20600000
22.35000000,1.20600000
22.36666667,1.20600000
22.38333333,1.20600000
22.40000000,1.20600000
22.41666667,1.20600000
22.43333333,1.20600000
22.45000000,1.20600000
22.46666667,1.20600000
22.48333333,1.20600000
22.50000000,1.20600000
22.51666667,1.20599674
22.53333333,1.20598726
22.55000000,1.20597200
22.56666667,1.20595141
22.58333333,1.20592593
22.60000000,1.20589600
22.61666667,1.20586207
22.63333333,1.20582459
22.65000000,1.20578400
22.66666667,1.20574074
22.68333333,1.20569526
22.70000000,1.20564800
22.71666667,1.20559941
22.73333333,1.20554993
22.75000000,1.20550000
22.76666667,1.20545007
22.78333333,1.20540059
22.80000000,1.20535200
22.81666667,1.20530474
22.83333333,1.20525926
22.85000000,1.20521600
22.86666667,1.20517541
22.88333333,1.20513793
22.90000000,1.20510400
22.91666667,1.20507407
22.93333333,1.20504859
22.95000000,1.20502800
22.96666667,1.20501274
22.98333333,1.20500326
23.00000000,1.20500000
23.01666667,1.20500000
23.03333333,1.20500000
23.05000000,1.20500000
23.06666667,1.20500000
23.08333333,1.20500000
23.10000000,1.20500000
23.11666667,1.20500000
23.13333333,1.20500000
23.15000000,1.20500000
23.16666667,1.20500000
23.18333333,1.20500000
23.20000000,1.20500000
23.21666667,1.20500000
23.23333333,1.20500000
23.25000000,1.20500000
23.26666667,1.20500000
23.28333333,1.20500000
23.30000000,1.20500000
23.31666667,1.20500000
23.33333333,1.20500000
23.35000000,1.20500000
23.36666667,1.20500000
23.38333333,1.20500000
23.40000000,1.20500000
23.41666667,1.20500000
23.43333333,1.20500000
23.45000000,1.20500000
23.46666667,1.20500000
23.48333333,1.20500000
23.50000000,1.20500000
23.51666667,1.20499674
23.53333333,1.20498726
23.55000000,1.20497200
23.56666667,1.20495141
23.58333333,1.20492593
23.60000000,1.20489600
23.61666667,1.20486207
23.63333333,1.20482459
23.65000000,1.20478400
23.66666667,1.20474074
23.68333333,1.20469526
23.70000000,1.20464800
23.71666667,1.20459941
23.73333333,1.20454993
23.75000000,1.20450000
23.76666667,1.20445007
23.78333333,1.20440059
23.80000000,1.20435200
23.81666667,1.20430474
23.83333333,1.20425926
23.85000000,1.20421600
23.86666667,1.20417541
23.88333333,1.20413793
23.90000000,1.20410400
23.91666667,1.20407407
23.93333333,1.20404859
23.95000000,1.20402800
23.96666667,1.20401274
23.98333333,1.20400326
24.00000000,1.20400000
24.01666667,1.20400000
24.03333333,1.20400000
24.05000000,1.20400000
24.06666667,1.20400000
24.08333333,1.20400000
24.10000000,1.20400000
24.11666667,1.20400000
24.13333333,1.20400000
24.15000000,1.20400000
24.16666667,1.20400000
24.18333333,1.20400000
24.20000000,1.20400000
24.21666667,1.20400000
24.23333333,1.20400000
24.25000000,1.20400000
24.26666667,1.20400000
24.28333333,1.20400000
24.30000000,1.20400000
24.31666667,1.20400000
24.33333333,1.20400000
24.35000000,1.20400000
24.36666667,1.20400000
24.38333333,1.20400000
24.40000000,1.20400000
24.41666667,1.20400000
24.43333333,1.20400000
24.45000000,1.20400000
24.46666667,1.20400000
24.48333333,1.20400000
24.50000000,1.20400000
24.51666667,1.20399674
24.53333333,1.20398726
24.55000000,1.20397200
24.56666667,1.20395141
24.58333333,1.20392593
24.60000000,1.20389600
24.61666667,1.20386207
24.63333333,1.20382459
24.65000000,1.20378400
24.66666667,1.20374074
24.68333333,1.20369526
24.70000000,1.20364800
24.71666667,1.20359941
24.73333333,1.20354993
24.75000000,1.20350000
24.76666667,1.20345007
24.78333333,1.20340059
24.80000000,1.20335200
24.81666667,1.20330474
24.83333333,1.20325926
24.85000000,1.20321600
24.86666667,1.20317541
24.88333333,1.20313793
24.90000000,1.20310400
24.91666667,1.20307407
24.93333333,1.20304859
24.95000000,1.20302800
24.96666667,1.20301274
24.98333333,1.20300326
25.00000000,1.20300000
25.01666667,1.20300000
25.03333333,1.20300000
25.05000000,1.20300000
25.06666667,1.20300000
25.08333333,1.20300000
25.10000000,1.20300000
25.11666667,1.20300000
25.13333333,1.20300000
25.15000000,1.20300000
25.16666667,1.20300000
25.18333333,1.20300000
25.20000000,1.20300000
25.21666667,1.20300000
25.23333333,1.20300000
25.25000000,1.20300000
25.26666667,1.20300000
25.28333333,1.20300000
25.30000000,1.20300000
25.31666667,1.20300000
25.33333333,1.20300000
25.35000000,1.20300000
25.36666667,1.20300000
25.38333333,1.20300000
25.40000000,1.20300000
25.41666667,1.20300000
25.43333333,1.20300000
25.45000000,1.20300000
25.46666667,1.20300000
25.48333333,1.20300000
25.50000000,1.20300000
25.51666667,1.20300000
25.53333333,1.20300000
25.55000000,1.20300000
25.56666667,1.20300000
25.58333333,1.20300000
25.60000000,1.20300000
25.61666667,1.20300000
25.63333333,1.20300000
25.65000000,1.20300000
25.66666667,1.20300000
25.68333333,1.20300000
25.70000000,1.20300000
25.71666667,1.20300000
25.73333333,1.20300000
25.75000000,1.20300000
25.76666667,1.20300000
25.78333333,1.20300000
25.80000000,1.20300000
25.81666667,1.20300000
25.83333333,1.20300000
25.85000000,1.20300000
25.86666667,1.20300000
25.88333333,1.20300000
25.90000000,1.20300000
25.91666667,1.20300000
25.93333333,1.20300000
25.95000000,1.20300000
25.96666667,1.20300000
25.98333333,1.20300000
26.00000000,1.20300000
26.01666667,1.20300000
26.03333333,1.20300000
26.05000000,1.20300000
26.06666667,1.20300000
26.08333333,1.20300000
26.10000000,1.20300000
26.11666667,1.20300000
26.13333333,1.20300000
26.15000000,1.20300000
26.16666667,1.20300000
26.18333333,1.20300000
26.20000000,1.20300000
26.21666667,1.20300000
26.23333333,1.20300000
26.25000000,1.20300000
26.26666667,1.20300000
26.28333333,1.20300000
26.30000000,1.20300000
26.31666667,1.20300000
26.33333333,1.20300000
26.35000000,1.20300000
26.36666667,1.20300000
26.38333333,1.20300000
26.40000000,1.20300000
26.41666667,1.20300000
26.43333333,1.20300000
26.45000000,1.20300000
26.46666667,1.20300000
26.48333333,1.20300000
26.50000000,1.20300000
26.51666667,1.20299674
26.53333333,1.20298726
26.55000000,1.20297200
26.56666667,1.20295141
26.58333333,1.20292593
26.60000000,1.20289600
26.61666667,1.20286207
26.63333333,1.20282459
26.65000000,1.20278400
26.66666667,1.20274074
26.68333333,1.20269526
26.70000000,1.20264800
26.71666667,1.20259941
26.73333333,1.20254993
26.75000000,1.20250000
26.76666667,1.20245007
26.78333333,1.20240059
26.80000000,1.20235200
26.81666667,1.20230474
26.83333333,1.20225926
26.85000000,1.20221600
26.86666667,1.20217541
26.88333333,1.20213793
26.90000000,1.20210400
26.91666667,1.20207407
26.93333333,1.20204859
26.95000000,1.20202800
26.96666667,1.20201274
26.98333333,1.20200326
27.00000000,1.20200000
27.01666667,1.20200000
27.03333333,1.20200000
27.05000000,1.20200000
27.06666667,1.20200000
27.08333333,1.20200000
27.10000000,1.20200000
27.11666667,1.20200000
27.13333333,1.20200000
27.15000000,1.20200000
27.16666667,1.20200000
27.18333333,1.20200000
27.20000000,1.20200000
27.21666667,1.20200000
27.23333333,1.20200000
27.25000000,1.20200000
27.26666667,1.20200000
27.28333333,1.20200000
27.30000000,1.20200000
27.31666667,1.20200000
27.33333333,1.20200000
27.35000000,1.20200000
27.36666667,1.20200000
27.38333333,1.20200000
27.40000000,1.20200000
27.41666667,1.20200000
27.43333333,1.20200000
27.45000000,1.20200000
27.46666667,1.20200000
27.48333333,1.20200000
27.50000000,1.20200000
27.51666667,1.20200000
27.53333333,1.20200000
27.55000000,1.20200000
27.56666667,1.20200000
27.58333333,1.20200000
27.60000000,1.20200000
27.61666667,1.20200000
27.63333333,1.20200000
27.65000000,1.20200000
27.66666667,1.20200000
27.68333333,1.20200000
27.70000000,1.20200000
27.71666667,1.20200000
27.73333333,1.20200000
27.75000000,1.20200000
27.76666667,1.20200000
27.78333333,1.20200000
27.80000000,1.20200000
27.81666667,1.20200000
27.83333333,1.20200000
27.85000000,1.20200000
27.86666667,1.20200000
27.88333333,1.20200000
27.90000000,1.20200000
27.91666667,1.20200000
27.93333333,1.20200000
27.95000000,1.20200000
27.96666667,1.20200000
27.98333333,1.20200000
28.00000000,1.20200000
28.01666667,1.20200000
28.03333333,1.20200000
28.05000000,1.20200000
28.06666667,1.20200000
28.08333333,1.20200000
28.10000000,1.20200000
28.11666667,1.20200000
28.13333333,1.20200000
28.15000000,1.20200000
28.16666667,1.20200000
28.18333333,1.20200000
28.20000000,1.20200000
28.21666667,1.20200000
28.23333333,1.20200000
28.25000000,1.20200000
28.26666667,1.20200000
28.28333333,1.20200000
28.30000000,1.20200000
28.31666667,1.20200000
28.33333333,1.20200000
28.35000000,1.20200000
28.36666667,1.20200000
28.38333333,1.20200000
28.40000000,1.20200000
28.41666667,1.20200000
28.43333333,1.20200000
28.45000000,1.20200000
28.46666667,1.20200000
28.48333333,1.20200000
28.50000000,1.20200000
28.51666667,1.20200000
28.53333333,1.20200000
28.55000000,1.20200000
28.56666667,1.20200000
28.58333333,1.20200000
28.60000000,1.20200000
28.61666667,1.20200000
28.63333333,1.20200000
28.65000000,1.20200000
28.66666667,1.20200000
28.68333333,1.20200000
28.70000000,1.20200000
28.71666667,1.20200000
28.73333333,1.20200000
28.75000000,1.20200000
28.76666667,1.20200000
28.78333333,1.20200000
28.80000000,1.20200000
28.81666667,1.20200000
28.83333333,1.20200000
28.85000000,1.20200000
28.86666667,1.20200000
28.88333333,1.20200000
28.90000000,1.20200000
28.91666667,1.20200000
28.93333333,1.20200000
28.95000000,1.20200000
28.96666667,1.20200000
28.98333333,1.20200000
29.00000000,1.20200000
29.01666667,1.20199674
29.03333333,1.20198726
29.05000000,1.20197200
29.06666667,1.20195141
29.08333333,1.20192593
29.10000000,1.20189600
29.11666667,1.20186207
29.13333333,1.20182459
29.15000000,1.20178400
29.16666667,1.20174074
29.18333333,1.20169526
29.20000000,1.20164800
29.21666667,1.20159941
29.23333333,1.20154993
29.25000000,1.20150000
29.26666667,1.20145007
29.28333333,1.20140059
29.30000000,1.20135200
29.31666667,1.20130474
29.33333333,1.20125926
29.35000000,1.20121600
29.36666667,1.20117541
29.38333333,1.20113793
29.40000000,1.20110400
29.41666667,1.20107407
29.43333333,1.20104859
29.45000000,1.20102800
29.46666667,1.20101274
29.48333333,1.20100326
29.50000000,1.20100000
29.51666667,1.20100000
29.53333333,1.20100000
29.55000000,1.20100000
29.56666667,1.20100000
29.58333333,1.20100000
29.60000000,1.20100000
29.61666667,1.20100000
29.63333333,1.20100000
29.65000000,1.20100000
29.66666667,1.20100000
29.68333333,1.20100000
29.70000000,1.20100000
29.71666667,1.20100000
29.73333333,1.20100000
29.75000000,1.20100000
29.76666667,1.20100000
29.78333333,1.20100000
29.80000000,1.20100000
29.81666667,1.20100000
29.83333333,1.20100000
29.85000000,1.20100000
29.86666667,1.20100000
29.88333333,1.20100000
29.90000000,1.20100000
29.91666667,1.20100000
29.93333333,1.20100000
29.95000000,1.20100000
29.96666667,1.20100000
29.98333333,1.20100000
30.00000000,1.20100000
30.01666667,1.20100000
30.03333333,1.20100000
30.05000000,1.20100000
30.06666667,1.20100000
30.08333333,1.20100000
30.10000000,1.20100000
30.11666667,1.20100000
30.13333333,1.20100000
30.15000000,1.20100000
30.16666667,1.20100000
30.18333333,1.20100000
30.20000000,1.20100000
30.21666667,1.20100000
30.23333333,1.20100000
30.25000000,1.20100000
30.26666667,1.20100000
30.28333333,1.20100000
30.30000000,1.20100000
30.31666667,1.20100000
30.33333333,1.20100000
30.35000000,1.20100000
30.36666667,1.20100000
30.38333333,1.20100000
30.40000000,1.20100000
30.41666667,1.20100000
30.43333333,1.20100000
30.45000000,1.20100000
30.46666667,1.20100000
30.48333333,1.20100000
30.50000000,1.20100000
30.51666667,1.20100000
30.53333333,1.20100000
30.55000000,1.20100000
30.56666667,1.20100000
30.58333333,1.20100000
30.60000000,1.20100000
30.61666667,1.20100000
30.63333333,1.20100000
30.65000000,1.20100000
30.66666667,1.20100000
30.68333333,1.20100000
30.70000000,1.20100000
30.71666667,1.20100000
30.73333333,1.20100000
30.75000000,1.20100000
30.76666667,1.20100000
30.78333333,1.20100000
30.80000000,1.20100000
30.81666667,1.20100000
30.83333333,1.20100000
30.85000000,1.20100000
30.86666667,1.20100000
30.88333333,1.20100000
30.90000000,1.20100000
30.91666667,1.20100000
30.93333333,1.20100000
30.95000000,1.20100000
30.96666667,1.20100000
30.98333333,1.20100000
31.00000000,1.20100000
31.01666667,1.20100000
31.03333333,1.20100000
31.05000000,1.20100000
31.06666667,1.20100000
31.08333333,1.20100000
31.10000000,1.20100000
31.11666667,1.20100000
31.13333333,1.20100000
31.15000000,1.20100000
31.16666667,1.20100000
31.18333333,1.20100000
31.20000000,1.20100000
31.21666667,1.20100000
31.23333333,1.20100000
31.25000000,1.20100000
31.26666667,1.20100000
31.28333333,1.20100000
31.30000000,1.20100000
31.31666667,1.20100000
31.33333333,1.20100000
31.35000000,1.20100000
31.36666667,1.20100000
31.38333333,1.20100000
31.40000000,1.20100000
31.41666667,1.20100000
31.43333333,1.20100000
31.45000000,1.20100000
31.46666667,1.20100000
31.48333333,1.20100000
31.50000000,1.20100000
31.51666667,1.20100000
31.53333333,1.20100000
31.55000000,1.20100000
31.56666667,1.20100000
31.58333333,1.20100000
31.60000000,1.20100000
31.61666667,1.20100000
31.63333333,1.20100000
31.65000000,1.20100000
31.66666667,1.20100000
31.68333333,1.20100000
31.70000000,1.20100000
31.71666667,1.20100000
31.73333333,1.20100000
31.75000000,1.20100000
31.76666667,1.20100000
31.78333333,1.20100000
31.80000000,1.20100000
31.81666667,1.20100000
31.83333333,1.20100000
31.85000000,1.20100000
31.86666667,1.20100000
31.88333333,1.20100000
31.90000000,1.20100000
31.91666667,1.20100000
31.93333333,1.20100000
31.95000000,1.20100000
31.96666667,1.20100000
31.98333333,1.20100000
32.00000000,1.20100000
32.01666667,1.20100000
32.03333333,1.20100000
32.05000000,1.20100000
32.06666667,1.20100000
32.08333333,1.20100000
32.10000000,1.20100000
32.11666667,1.20100000
32.13333333,1.20100000
32.15000000,1.20100000
32.16666667,1.20100000
32.18333333,1.20100000
32.20000000,1.20100000
32.21666667,1.20100000
32.23333333,1.20100000
32.25000000,1.20100000
32.26666667,1.20100000
32.28333333,1.20100000
32.30000000,1.20100000
32.31666667,1.20100000
32.33333333,1.20100000
32.35000000,1.20100000
32.36666667,1.20100000
32.38333333,1.20100000
32.40000000,1.20100000
32.41666667,1.20100000
32.43333333,1.20100000
32.45000000,1.20100000
32.46666667,1.20100000
32.48333333,1.20100000
32.50000000,1.20100000
32.51666667,1.20100000
32.53333333,1.20100000
32.55000000,1.20100000
32.56666667,1.20100000
32.58333333,1.20100000
32.60000000,1.20100000
32.61666667,1.20100000
32.63333333,1.20100000
32.65000000,1.20100000
32.66666667,1.20100000
32.68333333,1.20100000
32.70000000,1.20100000
32.71666667,1.20100000
32.73333333,1.20100000
32.75000000,1.20100000
32.76666667,1.20100000
32.78333333,1.20100000
32.80000000,1.20100000
32.81666667,1.20100000
32.83333333,1.20100000
32.85000000,1.20100000
32.86666667,1.20100000
32.88333333,1.20100000
32.90000000,1.20100000
32.91666667,1.20100000
32.93333333,1.20100000
32.95000000,1.20100000
32.96666667,1.20100000
32.98333333,1.20100000
33.00000000,1.20100000
33.01666667,1.20100000
33.03333333,1.20100000
33.05000000,1.20100000
33.06666667,1.20100000
33.08333333,1.20100000
33.10000000,1.20100000
33.11666667,1.20100000
33.13333333,1.20100000
33.15000000,1.20100000
33.16666667,1.20100000
33.18333333,1.20100000
33.20000000,1.20100000
33.21666667,1.20100000
33.23333333,1.20100000
33.25000000,1.20100000
33.26666667,1.20100000
33.28333333,1.20100000
33.30000000,1.20100000
33.31666667,1.20100000
33.33333333,1.20100000
33.35000000,1.20100000
33.36666667,1.20100000
33.38333333,1.20100000
33.40000000,1.20100000
33.41666667,1.20100000
33.43333333,1.20100000
33.45000000,1.20100000
33.46666667,1.20100000
33.48333333,1.20100000
33.50000000,1.20100000
33.51666667,1.20100000
33.53333333,1.20100000
33.55000000,1.20100000
33.56666667,1.20100000
33.58333333,1.20100000
33.60000000,1.20100000
33.61666667,1.20100000
33.63333333,1.20100000
33.65000000,1.20100000
33.66666667,1.20100000
33.68333333,1.20100000
33.70000000,1.20100000
33.71666667,1.20100000
33.73333333,1.20100000
33.75000000,1.20100000
33.76666667,1.20100000
33.78333333,1.20100000
33.80000000,1.20100000
33.81666667,1.20100000
33.83333333,1.20100000
33.85000000,1.20100000
33.86666667,1.20100000
33.88333333,1.20100000
33.90000000,1.20100000
33.91666667,1.20100000
33.93333333,1.20100000
33.95000000,1.20100000
33.96666667,1.20100000
33.98333333,1.20100000
34.00000000,1.20100000
34.01666667,1.20100000
34.03333333,1.20100000
34.05000000,1.20100000
34.06666667,1.20100000
34.08333333,1.20100000
34.10000000,1.20100000
34.11666667,1.20100000
34.13333333,1.20100000
34.15000000,1.20100000
34.16666667,1.20100000
34.18333333,1.20100000
34.20000000,1.20100000
34.21666667,1.20100000
34.23333333,1.20100000
34.25000000,1.20100000
34.26666667,1.20100000
34.28333333,1.20100000
34.30000000,1.20100000
34.31666667,1.20100000
34.33333333,1.20100000
34.35000000,1.20100000
34.36666667,1.20100000
34.38333333,1.20100000
34.40000000,1.20100000
34.41666667,1.20100000
34.43333333,1.20100000
34.45000000,1.20100000
34.46666667,1.20100000
34.48333333,1.20100000
34.50000000,1.20100000
34.51666667,1.20099674
34.53333333,1.20098726
34.55000000,1.20097200
34.56666667,1.20095141
34.58333333,1.20092593
34.60000000,1.20089600
34.61666667,1.20086207
34.63333333,1.20082459
34.65000000,1.20078400
34.66666667,1.20074074
34.68333333,1.20069526
34.70000000,1.20064800
34.71666667,1.20059941
34.73333333,1.20054993
34.75000000,1.20050000
34.76666667,1.20045007
34.78333333,1.20040059
34.80000000,1.20035200
34.81666667,1.20030474
34.83333333,1.20025926
34.85000000,1.20021600
34.86666667,1.20017541
34.88333333,1.20013793
34.90000000,1.20010400
34.91666667,1.20007407
34.93333333,1.20004859
34.95000000,1.20002800
34.96666667,1.20001274
34.98333333,1.20000326
35.00000000,1.20000000
35.01666667,1.20000000
35.03333333,1.20000000
35.05000000,1.20000000
35.06666667,1.20000000
35.08333333,1.20000000
35.10000000,1.20000000
35.11666667,1.20000000
35.13333333,1.20000000
35.15000000,1.20000000
35.16666667,1.20000000
35.18333333,1.20000000
35.20000000,1.20000000
35.21666667,1.20000000
35.23333333,1.20000000
35.25000000,1.20000000
35.26666667,1.20000000
35.28333333,1.20000000
35.30000000,1.20000000
35.31666667,1.20000000
35.33333333,1.20000000
35.35000000,1.20000000
35.36666667,1.20000000
35.38333333,1.20000000
35.40000000,1.20000000
35.41666667,1.20000000
35.43333333,1.20000000
35.45000000,1.20000000
35.46666667,1.20000000
35.48333333,1.20000000
35.50000000,1.20000000
35.51666667,1.20000000
35.53333333,1.20000000
35.55000000,1.20000000
35.56666667,1.20000000
35.58333333,1.20000000
35.60000000,1.20000000
35.61666667,1.20000000
35.63333333,1.20000000
35.65000000,1.20000000
35.66666667,1.20000000
35.68333333,1.20000000
35.70000000,1.20000000
35.71666667,1.20000000
35.73333333,1.20000000
35.75000000,1.20000000
35.76666667,1.20000000
35.78333333,1.20000000
35.80000000,1.20000000
35.81666667,1.20000000
35.83333333,1.20000000
35.85000000,1.20000000
35.86666667,1.20000000
35.88333333,1.20000000
35.90000000,1.20000000
35.91666667,1.20000000
35.93333333,1.20000000
35.95000000,1.20000000
35.96666667,1.20000000
35.98333333,1.20000000
36.00000000,1.20000000
36.01666667,1.20000000
36.03333333,1.20000000
36.05000000,1.20000000
36.06666667,1.20000000
36.08333333,1.20000000
36.10000000,1.20000000
36.11666667,1.20000000
36.13333333,1.20000000
36.15000000,1.20000000
36.16666667,1.20000000
36.18333333,1.20000000
36.20000000,1.20000000
36.21666667,1.20000000
36.23333333,1.20000000
36.25000000,1.20000000
36.26666667,1.20000000
36.28333333,1.20000000
36.30000000,1.20000000
36.31666667,1.20000000
36.33333333,1.20000000
36.35000000,1.20000000
36.36666667,1.20000000
36.38333333,1.20000000
36.40000000,1.20000000
36.41666667,1.20000000
36.43333333,1.20000000
36.45000000,1.20000000
36.46666667,1.20000000
36.48333333,1.20000000
36.50000000,1.20000000
36.51666667,1.20000000
36.53333333,1.20000000
36.55000000,1.20000000
36.56666667,1.20000000
36.58333333,1.20000000
36.60000000,1.20000000
36.61666667,1.20000000
36.63333333,1.20000000
36.65000000,1.20000000
36.66666667,1.20000000
36.68333333,1.20000000
36.70000000,1.20000000
36.71666667,1.20000000
36.73333333,1.20000000
36.75000000,1.20000000
36.76666667,1.20000000
36.78333333,1.20000000
36.80000000,1.20000000
36.81666667,1.20000000
36.83333333,1.20000000
36.85000000,1.20000000
36.86666667,1.20000000
36.88333333,1.20000000
36.90000000,1.20000000
36.91666667,1.20000000
36.93333333,1.20000000
36.95000000,1.20000000
36.96666667,1.20000000
36.98333333,1.20000000
37.00000000,1.20000000
37.01666667,1.20000000
37.03333333,1.20000000
37.05000000,1.20000000
37.06666667,1.20000000
37.08333333,1.20000000
37.10000000,1.20000000
37.11666667,1.20000000
37.13333333,1.20000000
37.15000000,1.20000000
37.16666667,1.20000000
37.18333333,1.20000000
37.20000000,1.20000000
37.21666667,1.20000000
37.23333333,1.20000000
37.25000000,1.20000000
37.26666667,1.20000000
37.28333333,1.20000000
37.30000000,1.20000000
37.31666667,1.20000000
37.33333333,1.20000000
37.35000000,1.20000000
37.36666667,1.20000000
37.38333333,1.20000000
37.40000000,1.20000000
37.41666667,1.20000000
37.43333333,1.20000000
37.45000000,1.20000000
37.46666667,1.20000000
37.48333333,1.20000000
37.50000000,1.20000000
37.51666667,1.20000000
37.53333333,1.20000000
37.55000000,1.20000000
37.56666667,1.20000000
37.58333333,1.20000000
37.60000000,1.20000000
37.61666667,1.20000000
37.63333333,1.20000000
37.65000000,1.20000000
37.66666667,1.20000000
37.68333333,1.20000000
37.70000000,1.20000000
37.71666667,1.20000000
37.73333333,1.20000000
37.75000000,1.20000000
37.76666667,1.20000000
37.78333333,1.20000000
37.80000000,1.20000000
37.81666667,1.20000000
37.83333333,1.20000000
37.85000000,1.20000000
37.86666667,1.20000000
37.88333333,1.20000000
37.90000000,1.20000000
37.91666667,1.20000000
37.93333333,1.20000000
37.95000000,1.20000000
37.96666667,1.20000000
37.98333333,1.20000000
38.00000000,1.20000000
38.01666667,1.20000000
38.03333333,1.20000000
38.05000000,1.20000000
38.06666667,1.20000000
38.08333333,1.20000000
38.10000000,1.20000000
38.11666667,1.20000000
38.13333333,1.20000000
38.15000000,1.20000000
38.16666667,1.20000000
38.18333333,1.20000000
38.20000000,1.20000000
38.21666667,1.20000000
38.23333333,1.20000000
38.25000000,1.20000000
38.26666667,1.20000000
38.28333333,1.20000000
38.30000000,1.20000000
38.31666667,1.20000000
38.33333333,1.20000000
38.35000000,1.20000000
38.36666667,1.20000000
38.38333333,1.20000000
38.40000000,1.20000000
38.41666667,1.20000000
38.43333333,1.20000000
38.45000000,1.20000000
38.46666667,1.20000000
38.48333333,1.20000000
38.50000000,1.20000000
38.51666667,1.20000000
38.53333333,1.20000000
38.55000000,1.20000000
38.56666667,1.20000000
38.58333333,1.20000000
38.60000000,1.20000000
38.61666667,1.20000000
38.63333333,1.20000000
38.65000000,1.20000000
38.66666667,1.20000000
38.68333333,1.20000000
38.70000000,1.20000000
38.71666667,1.20000000
38.73333333,1.20000000
38.75000000,1.20000000
38.76666667,1.20000000
38.78333333,1.20000000
38.80000000,1.20000000
38.81666667,1.20000000
38.83333333,1.20000000
38.85000000,1.20000000
38.86666667,1.20000000
38.88333333,1.20000000
38.90000000,1.20000000
38.91666667,1.20000000
38.93333333,1.20000000
38.95000000,1.20000000
38.96666667,1.20000000
38.98333333,1.20000000
39.00000000,1.20000000
39.01666667,1.20000000
39.03333333,1.20000000
39.05000000,1.20000000
39.06666667,1.20000000
39.08333333,1.20000000
39.10000000,1.20000000
39.11666667,1.20000000
39.13333333,1.20000000
39.15000000,1.20000000
39.16666667,1.20000000
39.18333333,1.20000000
39.20000000,1.20000000
39.21666667,1.20000000
39.23333333,1.20000000
39.25000000,1.20000000
39.26666667,1.20000000
39.28333333,1.20000000
39.30000000,1.20000000
39.31666667,1.20000000
39.33333333,1.20000000
39.35000000,1.20000000
39.36666667,1.20000000
39.38333333,1.20000000
39.40000000,1.20000000
39.41666667,1.20000000
39.43333333,1.20000000
39.45000000,1.20000000
39.46666667,1.20000000
39.48333333,1.20000000
39.50000000,1.20000000
39.51666667,1.20000000
39.53333333,1.20000000
39.55000000,1.20000000
39.56666667,1.20000000
39.58333333,1.20000000
39.60000000,1.20000000
39.61666667,1.20000000
39.63333333,1.20000000
39.65000000,1.20000000
39.66666667,1.20000000
39.68333333,1.20000000
39.70000000,1.20000000
39.71666667,1.20000000
39.73333333,1.20000000
39.75000000,1.20000000
39.76666667,1.20000000
39.78333333,1.20000000
39.80000000,1.20000000
39.81666667,1.20000000
39.83333333,1.20000000
39.85000000,1.20000000
39.86666667,1.20000000
39.88333333,1.20000000
39.90000000,1.20000000
39.91666667,1.20000000
39.93333333,1.20000000
39.95000000,1.20000000
39.96666667,1.20000000
39.98333333,1.20000000
40.00000000,1.20000000
40.01666667,1.20000000
40.03333333,1.20000000
40.05000000,1.20000000
40.06666667,1.20000000
40.08333333,1.20000000
40.10000000,1.20000000
40.11666667,1.20000000
40.13333333,1.20000000
40.15000000,1.20000000
40.16666667,1.20000000
40.18333333,1.20000000
40.20000000,1.20000000
40.21666667,1.20000000
40.23333333,1.20000000
40.25000000,1.20000000
40.26666667,1.20000000
40.28333333,1.20000000
40.30000000,1.20000000
40.31666667,1.20000000
40.33333333,1.20000000
40.35000000,1.20000000
40.36666667,1.20000000
40.38333333,1.20000000
40.40000000,1.20000000
40.41666667,1.20000000
40.43333333,1.20000000
40.45000000,1.20000000
40.46666667,1.20000000
40.48333333,1.20000000
40.50000000,1.20000000
40.51666667,1.20000000
40.53333333,1.20000000
40.55000000,1.20000000
40.56666667,1.20000000
40.58333333,1.20000000
40.60000000,1.20000000
40.61666667,1.20000000
40.63333333,1.20000000
40.65000000,1.20000000
40.66666667,1.20000000
40.68333333,1.20000000
40.70000000,1.20000000
40.71666667,1.20000000
40.73333333,1.20000000
40.75000000,1.20000000
40.76666667,1.20000000
40.78333333,1.20000000
40.80000000,1.20000000
40.81666667,1.20000000
40.83333333,1.20000000
40.85000000,1.20000000
40.86666667,1.20000000
40.88333333,1.20000000
40.90000000,1.20000000
40.91666667,1.20000000
40.93333333,1.20000000
40.95000000,1.20000000
40.96666667,1.20000000
40.98333333,1.20000000
41.00000000,1.20000000
41.01666667,1.20000000
41.03333333,1.20000000
41.05000000,1.20000000
41.06666667,1.20000000
41.08333333,1.20000000
41.10000000,1.20000000
41.11666667,1.20000000
41.13333333,1.20000000
41.15000000,1.20000000
41.16666667,1.20000000
41.18333333,1.20000000
41.20000000,1.20000000
41.21666667,1.20000000
41.23333333,1.20000000
41.25000000,1.20000000
41.26666667,1.20000000
41.28333333,1.20000000
41.30000000,1.20000000
41.31666667,1.20000000
41.33333333,1.20000000
41.35000000,1.20000000
41.36666667,1.20000000
41.38333333,1.20000000
41.40000000,1.20000000
41.41666667,1.20000000
41.43333333,1.20000000
41.45000000,1.20000000
41.46666667,1.20000000
41.48333333,1.20000000
41.50000000,1.20000000
41.51666667,1.20000000
41.53333333,1.20000000
41.55000000,1.20000000
41.56666667,1.20000000
41.58333333,1.20000000
41.60000000,1.20000000
41.61666667,1.20000000
41.63333333,1.20000000
41.65000000,1.20000000
41.66666667,1.20000000
41.68333333,1.20000000
41.70000000,1.20000000
41.71666667,1.20000000
41.73333333,1.20000000
41.75000000,1.20000000
41.76666667,1.20000000
41.78333333,1.20000000
41.80000000,1.20000000
41.81666667,1.20000000
41.83333333,1.20000000
41.85000000,1.20000000
41.86666667,1.20000000
41.88333333,1.20000000
41.90000000,1.20000000
41.91666667,1.20000000
41.93333333,1.20000000
41.95000000,1.20000000
41.96666667,1.20000000
41.98333333,1.20000000
42.00000000,1.20000000
42.01666667,1.20000000
42.03333333,1.20000000
42.05000000,1.20000000
42.06666667,1.20000000
42.08333333,1.20000000
42.10000000,1.20000000
42.11666667,1.20000000
42.13333333,1.20000000
42.15000000,1.20000000
42.16666667,1.20000000
42.18333333,1.20000000
42.20000000,1.20000000
42.21666667,1.20000000
42.23333333,1.20000000
42.25000000,1.20000000
42.26666667,1.20000000
42.28333333,1.20000000
42.30000000,1.20000000
42.31666667,1.20000000
42.33333333,1.20000000
42.35000000,1.20000000
42.36666667,1.20000000
42.38333333,1.20000000
42.40000000,1.20000000
42.41666667,1.20000000
42.43333333,1.20000000
42.45000000,1.20000000
42.46666667,1.20000000
42.48333333,1.20000000
42.50000000,1.20000000
42.51666667,1.20000000
42.53333333,1.20000000
42.55000000,1.20000000
42.56666667,1.20000000
42.58333333,1.20000000
42.60000000,1.20000000
42.61666667,1.20000000
42.63333333,1.20000000
42.65000000,1.20000000
42.66666667,1.20000000
42.68333333,1.20000000
42.70000000,1.20000000
42.71666667,1.20000000
42.73333333,1.20000000
42.75000000,1.20000000
42.76666667,1.20000000
42.78333333,1.20000000
42.80000000,1.20000000
42.81666667,1.20000000
42.83333333,1.20000000
42.85000000,1.20000000
42.86666667,1.20000000
42.88333333,1.20000000
42.90000000,1.20000000
42.91666667,1.20000000
42.93333333,1.20000000
42.95000000,1.20000000
42.96666667,1.20000000
42.98333333,1.20000000
43.00000000,1.20000000
43.01666667,1.20000000
43.03333333,1.20000000
43.05000000,1.20000000
43.06666667,1.20000000
43.08333333,1.20000000
43.10000000,1.20000000
43.11666667,1.20000000
43.13333333,1.20000000
43.15000000,1.20000000
43.16666667,1.20000000
43.18333333,1.20000000
43.20000000,1.20000000
43.21666667,1.20000000
43.23333333,1.20000000
43.25000000,1.20000000
43.26666667,1.20000000
43.28333333,1.20000000
43.30000000,1.20000000
43.31666667,1.20000000
43.33333333,1.20000000
43.35000000,1.20000000
43.36666667,1.20000000
43.38333333,1.20000000
43.40000000,1.20000000
43.41666667,1.20000000
43.43333333,1.20000000
43.45000000,1.20000000
43.46666667,1.20000000
43.48333333,1.20000000
43.50000000,1.20000000
43.51666667,1.20000000
43.53333333,1.20000000
43.55000000,1.20000000
43.56666667,1.20000000
43.58333333,1.20000000
43.60000000,1.20000000
43.61666667,1.20000000
43.63333333,1.20000000
43.65000000,1.20000000
43.66666667,1.20000000
43.68333333,1.20000000
43.70000000,1.20000000
43.71666667,1.20000000
43.73333333,1.20000000
43.75000000,1.20000000
43.76666667,1.20000000
43.78333333,1.20000000
43.80000000,1.20000000
43.81666667,1.20000000
43.83333333,1.20000000
43.85000000,1.20000000
43.86666667,1.20000000
43.88333333,1.20000000
43.90000000,1.20000000
43.91666667,1.20000000
43.93333333,1.20000000
43.95000000,1.20000000
43.96666667,1.20000000
43.98333333,1.20000000
44.00000000,1.20000000
44.01666667,1.20000000
44.03333333,1.20000000
44.05000000,1.20000000
44.06666667,1.20000000
44.08333333,1.20000000
44.10000000,1.20000000
44.11666667,1.20000000
44.13333333,1.20000000
44.15000000,1.20000000
44.16666667,1.20000000
44.18333333,1.20000000
44.20000000,1.20000000
44.21666667,1.20000000
44.23333333,1.20000000
44.25000000,1.20000000
44.26666667,1.20000000
44.28333333,1.20000000
44.30000000,1.20000000
44.31666667,1.20000000
44.33333333,1.20000000
44.35000000,1.20000000
44.36666667,1.20000000
44.38333333,1.20000000
44.40000000,1.20000000
44.41666667,1.20000000
44.43333333,1.20000000
44.45000000,1.20000000
44.46666667,1.20000000
44.48333333,1.20000000
44.50000000,1.20000000
44.51666667,1.20000000
44.53333333,1.20000000
44.55000000,1.20000000
44.56666667,1.20000000
44.58333333,1.20000000
44.60000000,1.20000000
44.61666667,1.20000000
44.63333333,1.20000000
44.65000000,1.20000000
44.66666667,1.20000000
44.68333333,1.20000000
44.70000000,1.20000000
44.71666667,1.20000000
44.73333333,1.20000000
44.75000000,1.20000000
44.76666667,1.20000000
44.78333333,1.20000000
44.80000000,1.20000000
44.81666667,1.20000000
44.83333333,1.20000000
44.85000000,1.20000000
44.86666667,1.20000000
44.88333333,1.20000000
44.90000000,1.20000000
44.91666667,1.20000000
44.93333333,1.20000000
44.95000000,1.20000000
44.96666667,1.20000000
44.98333333,1.20000000
45.00000000,1.20000000
45.01666667,1.20000000
45.03333333,1.20000000
45.05000000,1.20000000
45.06666667,1.20000000
45.08333333,1.20000000
45.10000000,1.20000000
45.11666667,1.20000000
45.13333333,1.20000000
45.15000000,1.20000000
45.16666667,1.20000000
45.18333333,1.20000000
45.20000000,1.20000000
45.21666667,1.20000000
45.23333333,1.20000000
45.25000000,1.20000000
45.26666667,1.20000000
45.28333333,1.20000000
45.30000000,1.20000000
45.31666667,1.20000000
45.33333333,1.20000000
45.35000000,1.20000000
45.36666667,1.20000000
45.38333333,1.20000000
45.40000000,1.20000000
45.41666667,1.20000000
45.43333333,1.20000000
45.45000000,1.20000000
45.46666667,1.20000000
45.48333333,1.20000000
45.50000000,1.20000000
45.51666667,1.20000000
45.53333333,1.20000000
45.55000000,1.20000000
45.56666667,1.20000000
45.58333333,1.20000000
45.60000000,1.20000000
45.61666667,1.20000000
45.63333333,1.20000000
45.65000000,1.20000000
45.66666667,1.20000000
45.68333333,1.20000000
45.70000000,1.20000000
45.71666667,1.20000000
45.73333333,1.20000000
45.75000000,1.20000000
45.76666667,1.20000000
45.78333333,1.20000000
45.80000000,1.20000000
45.81666667,1.20000000
45.83333333,1.20000000
45.85000000,1.20000000
45.86666667,1.20000000
45.88333333,1.20000000
45.90000000,1.20000000
45.91666667,1.20000000
45.93333333,1.20000000
45.95000000,1.20000000
45.96666667,1.20000000
45.98333333,1.20000000
46.00000000,1.20000000
46.01666667,1.20000000
46.03333333,1.20000000
46.05000000,1.20000000
46.06666667,1.20000000
46.08333333,1.20000000
46.10000000,1.20000000
46.11666667,1.20000000
46.13333333,1.20000000
46.15000000,1.20000000
46.16666667,1.20000000
46.18333333,1.20000000
46.20000000,1.20000000
46.21666667,1.20000000
46.23333333,1.20000000
46.25000000,1.20000000
46.26666667,1.20000000
46.28333333,1.20000000
46.30000000,1.20000000
46.31666667,1.20000000
46.33333333,1.20000000
46.35000000,1.20000000
46.36666667,1.20000000
46.38333333,1.20000000
46.40000000,1.20000000
46.41666667,1.20000000
46.43333333,1.20000000
46.45000000,1.20000000
46.46666667,1.20000000
46.48333333,1.20000000
46.50000000,1.20000000
46.51666667,1.20000000
46.53333333,1.20000000
46.55000000,1.20000000
46.56666667,1.20000000
46.58333333,1.20000000
46.60000000,1.20000000
46.61666667,1.20000000
46.63333333,1.20000000
46.65000000,1.20000000
46.66666667,1.20000000
46.68333333,1.20000000
46.70000000,1.20000000
46.71666667,1.20000000
46.73333333,1.20000000
46.75000000,1.20000000
46.76666667,1.20000000
46.78333333,1.20000000
46.80000000,1.20000000
46.81666667,1.20000000
46.83333333,1.20000000
46.85000000,1.20000000
46.86666667,1.20000000
46.88333333,1.20000000
46.90000000,1.20000000
46.91666667,1.20000000
46.93333333,1.20000000
46.95000000,1.20000000
46.96666667,1.20000000
46.98333333,1.20000000
47.00000000,1.20000000
47.01666667,1.20000000
47.03333333,1.20000000
47.05000000,1.20000000
47.06666667,1.20000000
47.08333333,1.20000000
47.10000000,1.20000000
47.11666667,1.20000000
47.13333333,1.20000000
47.15000000,1.20000000
47.16666667,1.20000000
47.18333333,1.20000000
47.20000000,1.20000000
47.21666667,1.20000000
47.23333333,1.20000000
47.25000000,1.20000000
47.26666667,1.20000000
47.28333333,1.20000000
47.30000000,1.20000000
47.31666667,1.20000000
47.33333333,1.20000000
47.35000000,1.20000000
47.36666667,1.20000000
47.38333333,1.20000000
47.40000000,1.20000000
47.41666667,1.20000000
47.43333333,1.20000000
47.45000000,1.20000000
47.46666667,1.20000000
47.48333333,1.20000000
47.50000000,1.20000000
47.51666667,1.20000000
47.53333333,1.20000000
47.55000000,1.20000000
47.56666667,1.20000000
47.58333333,1.20000000
47.60000000,1.20000000
47.61666667,1.20000000
47.63333333,1.20000000
47.65000000,1.20000000
47.66666667,1.20000000
47.68333333,1.20000000
47.70000000,1.20000000
47.71666667,1.20000000
47.73333333,1.20000000
47.75000000,1.20000000
47.76666667,1.20000000
47.78333333,1.20000000
47.80000000,1.20000000
47.81666667,1.20000000
47.83333333,1.20000000
47.85000000,1.20000000
47.86666667,1.20000000
47.88333333,1.20000000
47.90000000,1.20000000
47.91666667,1.20000000
47.93333333,1.20000000
47.95000000,1.20000000
47.96666667,1.20000000
47.98333333,1.20000000
48.00000000,1.20000000
48.01666667,1.20000000
48.03333333,1.20000000
48.05000000,1.20000000
48.06666667,1.20000000
48.08333333,1.20000000
48.10000000,1.20000000
48.11666667,1.20000000
48.13333333,1.20000000
48.15000000,1.20000000
48.16666667,1.20000000
48.18333333,1.20000000
48.20000000,1.20000000
48.21666667,1.20000000
48.23333333,1.20000000
48.25000000,1.20000000
48.26666667,1.20000000
48.28333333,1.20000000
48.30000000,1.20000000
48.31666667,1.20000000
48.33333333,1.20000000
48.35000000,1.20000000
48.36666667,1.20000000
48.38333333,1.20000000
48.40000000,1.20000000
48.41666667,1.20000000
48.43333333,1.20000000
48.45000000,1.20000000
48.46666667,1.20000000
48.48333333,1.20000000
48.50000000,1.20000000
48.51666667,1.20000000
48.53333333,1.20000000
48.55000000,1.20000000
48.56666667,1.20000000
48.58333333,1.20000000
48.60000000,1.20000000
48.61666667,1.20000000
48.63333333,1.20000000
48.65000000,1.20000000
48.66666667,1.20000000
48.68333333,1.20000000
48.70000000,1.20000000
48.71666667,1.20000000
48.73333333,1.20000000
48.75000000,1.20000000
48.76666667,1.20000000
48.78333333,1.20000000
48.80000000,1.20000000
48.81666667,1.20000000
48.83333333,1.20000000
48.85000000,1.20000000
48.86666667,1.20000000
48.88333333,1.20000000
48.90000000,1.20000000
48.91666667,1.20000000
48.93333333,1.20000000
48.95000000,1.20000000
48.96666667,1.20000000
48.98333333,1.20000000
49.00000000,1.20000000
49.01666667,1.20000000
49.03333333,1.20000000
49.05000000,1.20000000
49.06666667,1.20000000
49.08333333,1.20000000
49.10000000,1.20000000
49.11666667,1.20000000
49.13333333,1.20000000
49.15000000,1.20000000
49.16666667,1.20000000
49.18333333,1.20000000
49.20000000,1.20000000
49.21666667,1.20000000
49.23333333,1.20000000
49.25000000,1.20000000
49.26666667,1.20000000
49.28333333,1.20000000
49.30000000,1.20000000
49.31666667,1.20000000
49.33333333,1.20000000
49.35000000,1.20000000
49.36666667,1.20000000
49.38333333,1.20000000
49.40000000,1.20000000
49.41666667,1.20000000
49.43333333,1.20000000
49.45000000,1.20000000
49.46666667,1.20000000
49.48333333,1.20000000
49.50000000,1.20000000
49.51666667,1.20000000
49.53333333,1.20000000
49.55000000,1.20000000
49.56666667,1.20000000
49.58333333,1.20000000
49.60000000,1.20000000
49.61666667,1.20000000
49.63333333,1.20000000
49.65000000,1.20000000
49.66666667,1.20000000
49.68333333,1.20000000
49.70000000,1.20000000
49.71666667,1.20000000
49.73333333,1.20000000
49.75000000,1.20000000
49.76666667,1.20000000
49.78333333,1.20000000
49.80000000,1.20000000
49.81666667,1.20000000
49.83333333,1.20000000
49.85000000,1.20000000
49.86666667,1.20000000
49.88333333,1.20000000
49.90000000,1.20000000
49.91666667,1.20000000
49.93333333,1.20000000
49.95000000,1.20000000
49.96666667,1.20000000
49.98333333,1.20000000
50.00000000,1.20000000
50.01666667,1.20000000
50.03333333,1.20000000
50.05000000,1.20000000
50.06666667,1.20000000
50.08333333,1.20000000
50.10000000,1.20000000
50.11666667,1.20000000
50.13333333,1.20000000
50.15000000,1.20000000
50.16666667,1.20000000
50.18333333,1.20000000
50.20000000,1.20000000
50.21666667,1.20000000
50.23333333,1.20000000
50.25000000,1.20000000
50.26666667,1.20000000
50.28333333,1.20000000
50.30000000,1.20000000
50.31666667,1.20000000
50.33333333,1.20000000
50.35000000,1.20000000
50.36666667,1.20000000
50.38333333,1.20000000
50.40000000,1.20000000
50.41666667,1.20000000
50.43333333,1.20000000
50.45000000,1.20000000
50.46666667,1.20000000
50.48333333,1.20000000
50.50000000,1.20000000
50.51666667,1.20000000
50.53333333,1.20000000
50.55000000,1.20000000
50.56666667,1.20000000
50.58333333,1.20000000
50.60000000,1.20000000
50.61666667,1.20000000
50.63333333,1.20000000
50.65000000,1.20000000
50.66666667,1.20000000
50.68333333,1.20000000
50.70000000,1.20000000
50.71666667,1.20000000
50.73333333,1.20000000
50.75000000,1.20000000
50.76666667,1.20000000
50.78333333,1.20000000
50.80000000,1.20000000
50.81666667,1.20000000
50.83333333,1.20000000
50.85000000,1.20000000
50.86666667,1.20000000
50.88333333,1.20000000
50.90000000,1.20000000
50.91666667,1.20000000
50.93333333,1.20000000
50.95000000,1.20000000
50.96666667,1.20000000
50.98333333,1.20000000
51.00000000,1.20000000
51.01666667,1.20000000
51.03333333,1.20000000
51.05000000,1.20000000
51.06666667,1.20000000
51.08333333,1.20000000
51.10000000,1.20000000
