时间/h,到中心距离/cm,温度/℃,水分浓度/(kg/kg)
0.00000000,0.00000000,28.00000000,2.55000000
0.00000000,0.00936767,28.00000000,2.55000000
0.00000000,0.01872067,28.00000000,2.55000000
0.00000000,0.02805898,28.00000000,2.55000000
0.00000000,0.03738257,28.00000000,2.55000000
0.00000000,0.04669141,28.00000000,2.55000000
0.00000000,0.05598550,28.00000000,2.55000000
0.00000000,0.06526479,28.00000000,2.55000000
0.00000000,0.07452928,28.00000000,2.55000000
0.00000000,0.08377893,28.00000000,2.55000000
0.00000000,0.09301372,28.00000000,2.55000000
0.00000000,0.10223363,28.00000000,2.55000000
0.00000000,0.11143863,28.00000000,2.55000000
0.00000000,0.12062870,28.00000000,2.55000000
0.00000000,0.12980381,28.00000000,2.55000000
0.00000000,0.13896394,28.00000000,2.55000000
0.00000000,0.14810907,28.00000000,2.55000000
0.00000000,0.15723918,28.00000000,2.55000000
0.00000000,0.16635422,28.00000000,2.55000000
0.00000000,0.17545419,28.00000000,2.55000000
0.00000000,0.18453906,28.00000000,2.55000000
0.00000000,0.19360879,28.00000000,2.55000000
0.00000000,0.20266337,28.00000000,2.55000000
0.00000000,0.21170278,28.00000000,2.55000000
0.00000000,0.22072697,28.00000000,2.55000000
0.00000000,0.22973594,28.00000000,2.55000000
0.00000000,0.23872965,28.00000000,2.55000000
0.00000000,0.24770808,28.00000000,2.55000000
0.00000000,0.25667120,28.00000000,2.55000000
0.00000000,0.26561898,28.00000000,2.55000000
0.00000000,0.27455141,28.00000000,2.55000000
0.00000000,0.28346844,28.00000000,2.55000000
0.00000000,0.29237006,28.00000000,2.55000000
0.00000000,0.30125624,28.00000000,2.55000000
0.00000000,0.31012696,28.00000000,2.55000000
0.00000000,0.31898218,28.00000000,2.55000000
0.00000000,0.32782187,28.00000000,2.55000000
0.00000000,0.33664602,28.00000000,2.55000000
0.00000000,0.34545459,28.00000000,2.55000000
0.00000000,0.35424756,28.00000000,2.55000000
0.00000000,0.36302489,28.00000000,2.55000000
0.00000000,0.37178657,28.00000000,2.55000000
0.00000000,0.38053256,28.00000000,2.55000000
0.00000000,0.38926283,28.00000000,2.55000000
0.00000000,0.39797735,28.00000000,2.55000000
0.00000000,0.40667611,28.00000000,2.55000000
0.00000000,0.41535906,28.00000000,2.55000000
0.00000000,0.42402618,28.00000000,2.55000000
0.00000000,0.43267744,28.00000000,2.55000000
0.00000000,0.44131282,28.00000000,2.55000000
0.00000000,0.44993227,28.00000000,2.55000000
0.00000000,0.45853578,28.00000000,2.55000000
0.00000000,0.46712331,28.00000000,2.55000000
0.00000000,0.47569484,28.00000000,2.55000000
0.00000000,0.48425033,28.00000000,2.55000000
0.00000000,0.49278975,28.00000000,2.55000000
0.00000000,0.50131307,28.00000000,2.55000000
0.00000000,0.50982027,28.00000000,2.55000000
0.00000000,0.51831131,28.00000000,2.55000000
0.00000000,0.52678616,28.00000000,2.55000000
0.00000000,0.53524479,28.00000000,2.55000000
0.00000000,0.54368717,28.00000000,2.55000000
0.00000000,0.55211327,28.00000000,2.55000000
0.00000000,0.56052306,28.00000000,2.55000000
0.00000000,0.56891649,28.00000000,2.55000000
0.00000000,0.57729356,28.00000000,2.55000000
0.00000000,0.58565421,28.00000000,2.55000000
0.00000000,0.59399842,28.00000000,2.55000000
0.00000000,0.60232615,28.00000000,2.55000000
0.00000000,0.61063738,28.00000000,2.55000000
0.00000000,0.61893207,28.00000000,2.55000000
0.00000000,0.62721018,28.00000000,2.55000000
0.00000000,0.63547169,28.00000000,2.55000000
0.00000000,0.64371656,28.00000000,2.55000000
0.00000000,0.65194476,28.00000000,2.55000000
0.00000000,0.66015625,28.00000000,2.55000000
0.00000000,0.66835100,28.00000000,2.55000000
0.00000000,0.67652897,28.00000000,2.55000000
0.00000000,0.68469014,28.00000000,2.55000000
0.00000000,0.69283445,28.00000000,2.55000000
0.00000000,0.70096189,28.00000000,2.55000000
0.00000000,0.70907242,28.00000000,2.55000000
0.00000000,0.71716599,28.00000000,2.55000000
0.00000000,0.72524258,28.00000000,2.55000000
0.00000000,0.73330215,28.00000000,2.55000000
0.00000000,0.74134466,28.00000000,2.55000000
0.00000000,0.74937008,28.00000000,2.55000000
0.00000000,0.75737837,28.00000000,2.55000000
0.00000000,0.76536949,28.00000000,2.55000000
0.00000000,0.77334341,28.00000000,2.55000000
0.00000000,0.78130008,28.00000000,2.55000000
0.00000000,0.78923948,28.00000000,2.55000000
0.00000000,0.79716156,28.00000000,2.55000000
0.00000000,0.80506629,28.00000000,2.55000000
0.00000000,0.81295362,28.00000000,2.55000000
0.00000000,0.82082353,28.00000000,2.55000000
0.00000000,0.82867596,28.00000000,2.55000000
0.00000000,0.83651089,28.00000000,2.55000000
0.00000000,0.84432827,28.00000000,2.55000000
0.00000000,0.85212806,28.00000000,2.55000000
0.00000000,0.85991023,28.00000000,2.55000000
0.00000000,0.86767473,28.00000000,2.55000000
0.00000000,0.87542152,28.00000000,2.55000000
0.00000000,0.88315056,28.00000000,2.55000000
0.00000000,0.89086182,28.00000000,2.55000000
0.00000000,0.89855525,28.00000000,2.55000000
0.00000000,0.90623080,28.00000000,2.55000000
0.00000000,0.91388845,28.00000000,2.55000000
0.00000000,0.92152814,28.00000000,2.55000000
0.00000000,0.92914983,28.00000000,2.55000000
0.00000000,0.93675348,28.00000000,2.55000000
0.00000000,0.94433905,28.00000000,2.55000000
0.00000000,0.95190649,28.00000000,2.55000000
0.00000000,0.95945577,28.00000000,2.55000000
0.00000000,0.96698683,28.00000000,2.55000000
0.00000000,0.97449963,28.00000000,2.55000000
0.00000000,0.98199414,28.00000000,2.55000000
0.00000000,0.98947029,28.00000000,2.55000000
0.00000000,0.99692806,28.00000000,2.55000000
0.00000000,1.00436739,28.00000000,2.55000000
0.00000000,1.01178823,28.00000000,2.55000000
0.00000000,1.01919055,28.00000000,2.55000000
0.00000000,1.02657429,28.00000000,2.55000000
0.00000000,1.03393941,28.00000000,2.55000000
0.00000000,1.04128585,28.00000000,2.55000000
0.00000000,1.04861359,28.00000000,2.55000000
0.00000000,1.05592255,28.00000000,2.55000000
0.00000000,1.06321271,28.00000000,2.55000000
0.00000000,1.07048400,28.00000000,2.55000000
0.00000000,1.07773638,28.00000000,2.55000000
0.00000000,1.08496980,28.00000000,2.55000000
0.00000000,1.09218421,28.00000000,2.55000000
0.00000000,1.09937955,28.00000000,2.55000000
0.00000000,1.10655579,28.00000000,2.55000000
0.00000000,1.11371287,28.00000000,2.55000000
0.00000000,1.12085073,28.00000000,2.55000000
0.00000000,1.12796932,28.00000000,2.55000000
0.00000000,1.13506860,28.00000000,2.55000000
0.00000000,1.14214851,28.00000000,2.55000000
0.00000000,1.14920899,28.00000000,2.55000000
0.00000000,1.15625000,28.00000000,2.55000000
0.00000000,1.16327148,28.00000000,2.55000000
0.00000000,1.17027336,28.00000000,2.55000000
0.00000000,1.17725561,28.00000000,2.55000000
0.00000000,1.18421817,28.00000000,2.55000000
0.00000000,1.19116097,28.00000000,2.55000000
0.00000000,1.19808396,28.00000000,2.55000000
0.00000000,1.20498709,28.00000000,2.55000000
0.00000000,1.21187029,28.00000000,2.55000000
0.00000000,1.21873352,28.00000000,2.55000000
0.00000000,1.22557670,28.00000000,2.55000000
0.00000000,1.23239979,28.00000000,2.55000000
0.00000000,1.23920272,28.00000000,2.55000000
0.00000000,1.24598544,28.00000000,2.55000000
0.00000000,1.25274787,28.00000000,2.55000000
0.00000000,1.25948997,28.00000000,2.55000000
0.00000000,1.26621167,28.00000000,2.55000000
0.00000000,1.27291291,28.00000000,2.55000000
0.00000000,1.27959362,28.00000000,2.55000000
0.00000000,1.28625375,28.00000000,2.55000000
0.00000000,1.29289322,28.00000000,2.55000000
0.00000000,1.29951198,28.00000000,2.55000000
0.00000000,1.30610995,28.00000000,2.55000000
0.00000000,1.31268708,28.00000000,2.55000000
0.00000000,1.31924330,28.00000000,2.55000000
0.00000000,1.32577853,28.00000000,2.55000000
0.00000000,1.33229272,28.00000000,2.55000000
0.00000000,1.33878580,28.00000000,2.55000000
0.00000000,1.34525768,28.00000000,2.55000000
0.00000000,1.35170832,28.00000000,2.55000000
0.00000000,1.35813763,28.00000000,2.55000000
0.00000000,1.36454554,28.00000000,2.55000000
0.00000000,1.37093199,28.00000000,2.55000000
0.00000000,1.37729690,28.00000000,2.55000000
0.00000000,1.38364019,28.00000000,2.55000000
0.00000000,1.38996180,28.00000000,2.55000000
0.00000000,1.39626165,28.00000000,2.55000000
0.00000000,1.40253966,28.00000000,2.55000000
0.00000000,1.40879575,28.00000000,2.55000000
0.00000000,1.41502986,28.00000000,2.55000000
0.00000000,1.42124190,28.00000000,2.55000000
0.00000000,1.42743179,28.00000000,2.55000000
0.00000000,1.43359946,28.00000000,2.55000000
0.00000000,1.43974482,28.00000000,2.55000000
0.00000000,1.44586780,28.00000000,2.55000000
0.00000000,1.45196830,28.00000000,2.55000000
0.00000000,1.45804625,28.00000000,2.55000000
0.00000000,1.46410156,28.00000000,2.55000000
0.00000000,1.47013416,28.00000000,2.55000000
0.00000000,1.47614394,28.00000000,2.55000000
0.00000000,1.48213083,28.00000000,2.55000000
0.00000000,1.48809474,28.00000000,2.55000000
0.00000000,1.49403557,28.00000000,2.55000000
0.00000000,1.49995325,28.00000000,2.55000000
0.00000000,1.50584767,28.00000000,2.55000000
0.00000000,1.51171875,28.00000000,2.55000000
0.00000000,1.51756639,28.00000000,2.55000000
0.00000000,1.52339050,28.00000000,2.55000000
0.00000000,1.52919098,28.00000000,2.55000000
0.00000000,1.53496774,28.00000000,2.55000000
0.00000000,1.54072067,28.00000000,2.55000000
0.00000000,1.54644969,28.00000000,2.55000000
0.00000000,1.55215468,28.00000000,2.55000000
0.00000000,1.55783555,28.00000000,2.55000000
0.00000000,1.56349220,28.00000000,2.55000000
0.00000000,1.56912451,28.00000000,2.55000000
0.00000000,1.57473239,28.00000000,2.55000000
0.00000000,1.58031573,28.00000000,2.55000000
0.00000000,1.58587442,28.00000000,2.55000000
0.00000000,1.59140834,28.00000000,2.55000000
0.00000000,1.59691740,28.00000000,2.55000000
0.00000000,1.60240147,28.00000000,2.55000000
0.00000000,1.60786044,28.00000000,2.55000000
0.00000000,1.61329419,28.00000000,2.55000000
0.00000000,1.61870262,28.00000000,2.55000000
0.00000000,1.62408559,28.00000000,2.55000000
0.00000000,1.62944299,28.00000000,2.55000000
0.00000000,1.63477469,28.00000000,2.55000000
0.00000000,1.64008058,28.00000000,2.55000000
0.00000000,1.64536051,28.00000000,2.55000000
0.00000000,1.65061438,28.00000000,2.55000000
0.00000000,1.65584204,28.00000000,2.55000000
0.00000000,1.66104336,28.00000000,2.55000000
0.00000000,1.66621822,28.00000000,2.55000000
0.00000000,1.67136647,28.00000000,2.55000000
0.00000000,1.67648797,28.00000000,2.55000000
0.00000000,1.68158259,28.00000000,2.55000000
0.00000000,1.68665018,28.00000000,2.55000000
0.00000000,1.69169060,28.00000000,2.55000000
0.00000000,1.69670370,28.00000000,2.55000000
0.00000000,1.70168933,28.00000000,2.55000000
0.00000000,1.70664733,28.00000000,2.55000000
0.00000000,1.71157757,28.00000000,2.55000000
0.00000000,1.71647986,28.00000000,2.55000000
0.00000000,1.72135407,28.00000000,2.55000000
0.00000000,1.72620002,28.00000000,2.55000000
0.00000000,1.73101754,28.00000000,2.55000000
0.00000000,1.73580648,28.00000000,2.55000000
0.00000000,1.74056665,28.00000000,2.55000000
0.00000000,1.74529788,28.00000000,2.55000000
0.00000000,1.75000000,28.00000000,2.55000000
0.00000000,1.75467282,28.00000000,2.55000000
0.00000000,1.75931616,28.00000000,2.55000000
0.00000000,1.76392983,28.00000000,2.55000000
0.00000000,1.76851363,28.00000000,2.55000000
0.00000000,1.77306738,28.00000000,2.55000000
0.00000000,1.77759087,28.00000000,2.55000000
0.00000000,1.78208390,28.00000000,2.55000000
0.00000000,1.78654626,28.00000000,2.55000000
0.00000000,1.79097773,28.00000000,2.55000000
0.00000000,1.79537811,28.00000000,2.55000000
0.00000000,1.79974717,28.00000000,2.55000000
0.00000000,1.80408468,28.00000000,2.55000000
0.00000000,1.80839041,28.00000000,2.55000000
0.00000000,1.81266413,28.00000000,2.55000000
0.00000000,1.81690560,28.00000000,2.55000000
0.00000000,1.82111456,28.00000000,2.55000000
0.00000000,1.82529077,28.00000000,2.55000000
0.00000000,1.82943396,28.00000000,2.55000000
0.00000000,1.83354387,28.00000000,2.55000000
0.00000000,1.83762024,28.00000000,2.55000000
0.00000000,1.84166277,28.00000000,2.55000000
0.00000000,1.84567119,28.00000000,2.55000000
0.00000000,1.84964520,28.00000000,2.55000000
0.00000000,1.85358450,28.00000000,2.55000000
0.00000000,1.85748878,28.00000000,2.55000000
0.00000000,1.86135773,28.00000000,2.55000000
0.00000000,1.86519102,28.00000000,2.55000000
0.00000000,1.86898831,28.00000000,2.55000000
0.00000000,1.87274927,28.00000000,2.55000000
0.00000000,1.87647353,28.00000000,2.55000000
0.00000000,1.88016073,28.00000000,2.55000000
0.00000000,1.88381050,28.00000000,2.55000000
0.00000000,1.88742244,28.00000000,2.55000000
0.00000000,1.89099617,28.00000000,2.55000000
0.00000000,1.89453125,28.00000000,2.55000000
0.00000000,1.89802727,28.00000000,2.55000000
0.00000000,1.90148379,28.00000000,2.55000000
0.00000000,1.90490034,28.00000000,2.55000000
0.00000000,1.90827646,28.00000000,2.55000000
0.00000000,1.91161165,28.00000000,2.55000000
0.00000000,1.91490541,28.00000000,2.55000000
0.00000000,1.91815721,28.00000000,2.55000000
0.00000000,1.92136650,28.00000000,2.55000000
0.00000000,1.92453271,28.00000000,2.55000000
0.00000000,1.92765524,28.00000000,2.55000000
0.00000000,1.93073347,28.00000000,2.55000000
0.00000000,1.93376677,28.00000000,2.55000000
0.00000000,1.93675445,28.00000000,2.55000000
0.00000000,1.93969580,28.00000000,2.55000000
0.00000000,1.94259008,28.00000000,2.55000000
0.00000000,1.94543652,28.00000000,2.55000000
0.00000000,1.94823430,28.00000000,2.55000000
0.00000000,1.95098255,28.00000000,2.55000000
0.00000000,1.95368037,28.00000000,2.55000000
0.00000000,1.95632680,28.00000000,2.55000000
0.00000000,1.95892081,28.00000000,2.55000000
0.00000000,1.96146132,28.00000000,2.55000000
0.00000000,1.96394720,28.00000000,2.55000000
0.00000000,1.96637719,28.00000000,2.55000000
0.00000000,1.96875000,28.00000000,2.55000000
0.00000000,1.97106420,28.00000000,2.55000000
0.00000000,1.97331828,28.00000000,2.55000000
0.00000000,1.97551059,28.00000000,2.55000000
0.00000000,1.97763932,28.00000000,2.55000000
0.00000000,1.97970253,28.00000000,2.55000000
0.00000000,1.98169806,28.00000000,2.55000000
0.00000000,1.98362354,28.00000000,2.55000000
0.00000000,1.98547631,28.00000000,2.55000000
0.00000000,1.98725341,28.00000000,2.55000000
0.00000000,1.98895146,28.00000000,2.55000000
0.00000000,1.99056659,28.00000000,2.55000000
0.00000000,1.99209431,28.00000000,2.55000000
0.00000000,1.99352929,28.00000000,2.55000000
0.00000000,1.99486510,28.00000000,2.55000000
0.00000000,1.99609375,28.00000000,2.55000000
0.00000000,1.99720492,28.00000000,2.55000000
0.00000000,1.99818454,28.00000000,2.55000000
0.00000000,1.99901179,28.00000000,2.55000000
0.00000000,1.99965061,28.00000000,2.55000000
0.00000000,2.00000000,28.00000000,2.55000000
12.00000000,0.00000000,50.00000000,0.73735685
12.00000000,0.00584543,50.00000000,0.73734537
12.00000000,0.01168170,50.00000000,0.73731102
12.00000000,0.01750880,50.00000000,0.73725389
12.00000000,0.02332672,50.00000000,0.73717409
12.00000000,0.02913544,50.00000000,0.73707175
12.00000000,0.03493495,50.00000000,0.73694696
12.00000000,0.04072523,50.00000000,0.73679984
12.00000000,0.04650627,50.00000000,0.73663049
12.00000000,0.05227805,50.00000000,0.73643904
12.00000000,0.05804056,50.00000000,0.73622559
12.00000000,0.06379378,50.00000000,0.73599025
12.00000000,0.06953770,50.00000000,0.73573314
12.00000000,0.07527231,50.00000000,0.73545437
12.00000000,0.08099758,50.00000000,0.73515406
12.00000000,0.08671350,50.00000000,0.73483232
12.00000000,0.09242006,50.00000000,0.73448926
12.00000000,0.09811725,50.00000000,0.73412500
12.00000000,0.10380504,50.00000000,0.73373966
12.00000000,0.10948342,50.00000000,0.73333334
12.00000000,0.11515237,50.00000000,0.73290618
12.00000000,0.12081189,50.00000000,0.73245828
12.00000000,0.12646195,50.00000000,0.73198976
12.00000000,0.13210253,50.00000000,0.73150074
12.00000000,0.13773363,50.00000000,0.73099134
12.00000000,0.14335523,50.00000000,0.73046167
12.00000000,0.14896730,50.00000000,0.72991186
12.00000000,0.15456984,50.00000000,0.72934202
12.00000000,0.16016283,50.00000000,0.72875228
12.00000000,0.16574624,50.00000000,0.72814274
12.00000000,0.17132008,50.00000000,0.72751354
12.00000000,0.17688431,50.00000000,0.72686479
12.00000000,0.18243892,50.00000000,0.72619661
12.00000000,0.18798390,50.00000000,0.72550913
12.00000000,0.19351922,50.00000000,0.72480246
12.00000000,0.19904488,50.00000000,0.72407672
12.00000000,0.20456085,50.00000000,0.72333205
12.00000000,0.21006712,50.00000000,0.72256855
12.00000000,0.21556367,50.00000000,0.72178635
12.00000000,0.22105048,50.00000000,0.72098557
12.00000000,0.22652753,50.00000000,0.72016634
12.00000000,0.23199482,50.00000000,0.71932878
12.00000000,0.23745231,50.00000000,0.71847300
12.00000000,0.24290000,50.00000000,0.71759914
12.00000000,0.24833787,50.00000000,0.71670732
12.00000000,0.25376589,50.00000000,0.71579765
12.00000000,0.25918405,50.00000000,0.71487027
12.00000000,0.26459234,50.00000000,0.71392529
12.00000000,0.26999072,50.00000000,0.71296284
12.00000000,0.27537920,50.00000000,0.71198305
12.00000000,0.28075774,50.00000000,0.71098603
12.00000000,0.28612633,50.00000000,0.70997192
12.00000000,0.29148495,50.00000000,0.70894083
12.00000000,0.29683358,50.00000000,0.70789289
12.00000000,0.30217220,50.00000000,0.70682822
12.00000000,0.30750080,50.00000000,0.70574695
12.00000000,0.31281936,50.00000000,0.70464920
12.00000000,0.31812785,50.00000000,0.70353509
12.00000000,0.32342626,50.00000000,0.70240476
12.00000000,0.32871457,50.00000000,0.70125832
12.00000000,0.33399275,50.00000000,0.70009590
12.00000000,0.33926080,50.00000000,0.69891762
12.00000000,0.34451868,50.00000000,0.69772361
12.00000000,0.34976639,50.00000000,0.69651399
12.00000000,0.35500389,50.00000000,0.69528888
12.00000000,0.36023118,50.00000000,0.69404842
12.00000000,0.36544822,50.00000000,0.69279272
12.00000000,0.37065501,50.00000000,0.69152191
12.00000000,0.37585152,50.00000000,0.69023611
12.00000000,0.38103772,50.00000000,0.68893544
12.00000000,0.38621361,50.00000000,0.68762004
12.00000000,0.39137915,50.00000000,0.68629002
12.00000000,0.39653434,50.00000000,0.68494550
12.00000000,0.40167914,50.00000000,0.68358662
12.00000000,0.40681353,50.00000000,0.68221349
12.00000000,0.41193750,50.00000000,0.68082624
12.00000000,0.41705102,50.00000000,0.67942499
12.00000000,0.42215408,50.00000000,0.67800986
12.00000000,0.42724664,50.00000000,0.67658098
12.00000000,0.43232870,50.00000000,0.67513846
12.00000000,0.43740022,50.00000000,0.67368244
12.00000000,0.44246119,50.00000000,0.67221303
12.00000000,0.44751158,50.00000000,0.67073036
12.00000000,0.45255137,50.00000000,0.66923455
12.00000000,0.45758054,50.00000000,0.66772571
12.00000000,0.46259907,50.00000000,0.66620397
12.00000000,0.46760693,50.00000000,0.66466946
12.00000000,0.47260410,50.00000000,0.66312229
12.00000000,0.47759056,50.00000000,0.66156258
12.00000000,0.48256628,50.00000000,0.65999046
12.00000000,0.48753125,50.00000000,0.65840604
12.00000000,0.49248543,50.00000000,0.65680944
12.00000000,0.49742881,50.00000000,0.65520079
12.00000000,0.50236136,50.00000000,0.65358020
12.00000000,0.50728306,50.00000000,0.65194780
12.00000000,0.51219388,50.00000000,0.65030369
12.00000000,0.51709380,50.00000000,0.64864800
12.00000000,0.52198280,50.00000000,0.64698086
12.00000000,0.52686084,50.00000000,0.64530236
12.00000000,0.53172791,50.00000000,0.64361264
12.00000000,0.53658398,50.00000000,0.64191181
12.00000000,0.54142903,50.00000000,0.64019999
12.00000000,0.54626303,50.00000000,0.63847729
12.00000000,0.55108595,50.00000000,0.63674383
12.00000000,0.55589778,50.00000000,0.63499973
12.00000000,0.56069847,50.00000000,0.63324509
12.00000000,0.56548802,50.00000000,0.63148004
12.00000000,0.57026639,50.00000000,0.62970469
12.00000000,0.57503356,50.00000000,0.62791916
12.00000000,0.57978949,50.00000000,0.62612355
12.00000000,0.58453417,50.00000000,0.62431799
12.00000000,0.58926757,50.00000000,0.62250258
12.00000000,0.59398965,50.00000000,0.62067744
12.00000000,0.59870040,50.00000000,0.61884267
12.00000000,0.60339978,50.00000000,0.61699840
12.00000000,0.60808777,50.00000000,0.61514472
12.00000000,0.61276434,50.00000000,0.61328176
12.00000000,0.61742946,50.00000000,0.61140963
12.00000000,0.62208311,50.00000000,0.60952842
12.00000000,0.62672525,50.00000000,0.60763826
12.00000000,0.63135586,50.00000000,0.60573925
12.00000000,0.63597490,50.00000000,0.60383149
12.00000000,0.64058236,50.00000000,0.60191511
12.00000000,0.64517819,50.00000000,0.59999020
12.00000000,0.64976237,50.00000000,0.59805687
12.00000000,0.65433488,50.00000000,0.59611523
12.00000000,0.65889567,50.00000000,0.59416538
12.00000000,0.66344473,50.00000000,0.59220743
12.00000000,0.66798201,50.00000000,0.59024148
12.00000000,0.67250750,50.00000000,0.58826764
12.00000000,0.67702115,50.00000000,0.58628602
12.00000000,0.68152294,50.00000000,0.58429671
12.00000000,0.68601284,50.00000000,0.58229982
12.00000000,0.69049081,50.00000000,0.58029544
12.00000000,0.69495683,50.00000000,0.57828369
12.00000000,0.69941085,50.00000000,0.57626466
12.00000000,0.70385286,50.00000000,0.57423845
12.00000000,0.70828281,50.00000000,0.57220517
12.00000000,0.71270067,50.00000000,0.57016491
12.00000000,0.71710641,50.00000000,0.56811776
12.00000000,0.72150000,50.00000000,0.56606384
12.00000000,0.72588140,50.00000000,0.56400323
12.00000000,0.73025058,50.00000000,0.56193604
12.00000000,0.73460750,50.00000000,0.55986235
12.00000000,0.73895214,50.00000000,0.55778227
12.00000000,0.74328444,50.00000000,0.55569589
12.00000000,0.74760439,50.00000000,0.55360331
12.00000000,0.75191194,50.00000000,0.55150461
12.00000000,0.75620706,50.00000000,0.54939989
12.00000000,0.76048971,50.00000000,0.54728925
12.00000000,0.76475986,50.00000000,0.54517277
12.00000000,0.76901747,50.00000000,0.54305055
12.00000000,0.77326250,50.00000000,0.54092267
12.00000000,0.77749491,50.00000000,0.53878924
12.00000000,0.78171467,50.00000000,0.53665033
12.00000000,0.78592174,50.00000000,0.53450603
12.00000000,0.79011608,50.00000000,0.53235644
12.00000000,0.79429765,50.00000000,0.53020164
12.00000000,0.79846642,50.00000000,0.52804171
12.00000000,0.80262234,50.00000000,0.52587675
12.00000000,0.80676537,50.00000000,0.52370684
12.00000000,0.81089547,50.00000000,0.52153206
12.00000000,0.81501261,50.00000000,0.51935249
12.00000000,0.81911674,50.00000000,0.51716823
12.00000000,0.82320782,50.00000000,0.51497935
12.00000000,0.82728581,50.00000000,0.51278593
12.00000000,0.83135066,50.00000000,0.51058805
12.00000000,0.83540234,50.00000000,0.50838581
12.00000000,0.83944079,50.00000000,0.50617926
12.00000000,0.84346599,50.00000000,0.50396850
12.00000000,0.84747788,50.00000000,0.50175360
12.00000000,0.85147642,50.00000000,0.49953465
12.00000000,0.85546156,50.00000000,0.49731170
12.00000000,0.85943326,50.00000000,0.49508485
12.00000000,0.86339148,50.00000000,0.49285417
12.00000000,0.86733616,50.00000000,0.49061973
12.00000000,0.87126727,50.00000000,0.48838160
12.00000000,0.87518475,50.00000000,0.48613986
12.00000000,0.87908855,50.00000000,0.48389459
12.00000000,0.88297863,50.00000000,0.48164584
12.00000000,0.88685495,50.00000000,0.47939370
12.00000000,0.89071744,50.00000000,0.47713823
12.00000000,0.89456606,50.00000000,0.47487951
12.00000000,0.89840077,50.00000000,0.47261759
12.00000000,0.90222150,50.00000000,0.47035255
12.00000000,0.90602822,50.00000000,0.46808446
12.00000000,0.90982086,50.00000000,0.46581338
12.00000000,0.91359938,50.00000000,0.46353938
12.00000000,0.91736371,50.00000000,0.46126252
12.00000000,0.92111382,50.00000000,0.45898286
12.00000000,0.92484964,50.00000000,0.45670047
12.00000000,0.92857112,50.00000000,0.45441541
12.00000000,0.93227820,50.00000000,0.45212775
12.00000000,0.93597083,50.00000000,0.44983754
12.00000000,0.93964895,50.00000000,0.44754483
12.00000000,0.94331250,50.00000000,0.44524971
12.00000000,0.94696143,50.00000000,0.44295221
12.00000000,0.95059567,50.00000000,0.44065239
12.00000000,0.95421517,50.00000000,0.43835033
12.00000000,0.95781987,50.00000000,0.43604606
12.00000000,0.96140970,50.00000000,0.43373964
12.00000000,0.96498461,50.00000000,0.43143114
12.00000000,0.96854452,50.00000000,0.42912060
12.00000000,0.97208938,50.00000000,0.42680807
12.00000000,0.97561913,50.00000000,0.42449361
12.00000000,0.97913370,50.00000000,0.42217727
12.00000000,0.98263301,50.00000000,0.41985910
12.00000000,0.98611701,50.00000000,0.41753915
12.00000000,0.98958564,50.00000000,0.41521746
12.00000000,0.99303880,50.00000000,0.41289409
12.00000000,0.99647645,50.00000000,0.41056908
12.00000000,0.99989851,50.00000000,0.40824247
12.00000000,1.00330491,50.00000000,0.40591432
12.00000000,1.00669558,50.00000000,0.40358467
12.00000000,1.01007043,50.00000000,0.40125356
12.00000000,1.01342941,50.00000000,0.39892104
12.00000000,1.01677242,50.00000000,0.39658714
12.00000000,1.02009941,50.00000000,0.39425191
12.00000000,1.02341028,50.00000000,0.39191539
12.00000000,1.02670496,50.00000000,0.38957762
12.00000000,1.02998337,50.00000000,0.38723864
12.00000000,1.03324543,50.00000000,0.38489849
12.00000000,1.03649106,50.00000000,0.38255720
12.00000000,1.03972017,50.00000000,0.38021481
12.00000000,1.04293267,50.00000000,0.37787137
12.00000000,1.04612849,50.00000000,0.37552689
12.00000000,1.04930753,50.00000000,0.37318143
12.00000000,1.05246971,50.00000000,0.37083501
12.00000000,1.05561493,50.00000000,0.36848766
12.00000000,1.05874311,50.00000000,0.36613943
12.00000000,1.06185414,50.00000000,0.36379034
12.00000000,1.06494794,50.00000000,0.36144042
12.00000000,1.06802440,50.00000000,0.35908971
12.00000000,1.07108344,50.00000000,0.35673823
12.00000000,1.07412494,50.00000000,0.35438601
12.00000000,1.07714881,50.00000000,0.35203310
12.00000000,1.08015495,50.00000000,0.34967950
12.00000000,1.08314324,50.00000000,0.34732526
12.00000000,1.08611359,50.00000000,0.34497040
12.00000000,1.08906588,50.00000000,0.34261495
12.00000000,1.09200000,50.00000000,0.34025893
12.00000000,1.09491584,50.00000000,0.33790238
12.00000000,1.09781328,50.00000000,0.33554532
12.00000000,1.10069221,50.00000000,0.33318777
12.00000000,1.10355251,50.00000000,0.33082978
12.00000000,1.10639405,50.00000000,0.32847135
12.00000000,1.10921670,50.00000000,0.32611252
12.00000000,1.11202035,50.00000000,0.32375331
12.00000000,1.11480486,50.00000000,0.32139376
12.00000000,1.11757011,50.00000000,0.31903389
12.00000000,1.12031594,50.00000000,0.31667373
12.00000000,1.12304223,50.00000000,0.31431331
12.00000000,1.12574884,50.00000000,0.31195265
12.00000000,1.12843562,50.00000000,0.30959180
12.00000000,1.13110242,50.00000000,0.30723077
12.00000000,1.13374909,50.00000000,0.30486960
12.00000000,1.13637549,50.00000000,0.30250833
12.00000000,1.13898144,50.00000000,0.30014699
12.00000000,1.14156679,50.00000000,0.29778563
12.00000000,1.14413138,50.00000000,0.29542427
12.00000000,1.14667503,50.00000000,0.29306296
12.00000000,1.14919757,50.00000000,0.29070174
12.00000000,1.15169882,50.00000000,0.28834067
12.00000000,1.15417860,50.00000000,0.28597980
12.00000000,1.15663673,50.00000000,0.28361917
12.00000000,1.15907300,50.00000000,0.28125885
12.00000000,1.16148722,50.00000000,0.27889890
12.00000000,1.16387919,50.00000000,0.27653939
12.00000000,1.16624871,50.00000000,0.27418039
12.00000000,1.16859554,50.00000000,0.27182199
12.00000000,1.17091948,50.00000000,0.26946427
12.00000000,1.17322030,50.00000000,0.26710733
12.00000000,1.17549775,50.00000000,0.26475128
12.00000000,1.17775161,50.00000000,0.26239622
12.00000000,1.17998161,50.00000000,0.26004228
12.00000000,1.18218750,50.00000000,0.25768960
12.00000000,1.18436902,50.00000000,0.25533833
12.00000000,1.18652588,50.00000000,0.25298864
12.00000000,1.18865781,50.00000000,0.25064070
12.00000000,1.19076451,50.00000000,0.24829472
12.00000000,1.19284567,50.00000000,0.24595091
12.00000000,1.19490098,50.00000000,0.24360952
12.00000000,1.19693010,50.00000000,0.24127080
12.00000000,1.19893270,50.00000000,0.23893506
12.00000000,1.20090841,50.00000000,0.23660262
12.00000000,1.20285687,50.00000000,0.23427383
12.00000000,1.20477769,50.00000000,0.23194910
12.00000000,1.20667046,50.00000000,0.22962885
12.00000000,1.20853477,50.00000000,0.22731357
12.00000000,1.21037018,50.00000000,0.22500380
12.00000000,1.21217621,50.00000000,0.22270013
12.00000000,1.21395239,50.00000000,0.22040323
12.00000000,1.21569820,50.00000000,0.21811382
12.00000000,1.21741311,50.00000000,0.21583273
12.00000000,1.21909655,50.00000000,0.21356085
12.00000000,1.22074792,50.00000000,0.21129920
12.00000000,1.22236658,50.00000000,0.20904891
12.00000000,1.22395187,50.00000000,0.20681123
12.00000000,1.22550305,50.00000000,0.20458756
12.00000000,1.22701937,50.00000000,0.20237948
12.00000000,1.22850000,50.00000000,0.20018875
12.00000000,1.22994406,50.00000000,0.19801735
12.00000000,1.23135061,50.00000000,0.19586748
12.00000000,1.23271861,50.00000000,0.19374166
12.00000000,1.23404694,50.00000000,0.19164268
12.00000000,1.23533438,50.00000000,0.18957372
12.00000000,1.23657959,50.00000000,0.18753838
12.00000000,1.23778109,50.00000000,0.18554072
12.00000000,1.23893722,50.00000000,0.18358540
12.00000000,1.24004613,50.00000000,0.18167769
12.00000000,1.24110571,50.00000000,0.17982366
12.00000000,1.24211355,50.00000000,0.17803031
12.00000000,1.24306685,50.00000000,0.17630576
12.00000000,1.24396228,50.00000000,0.17465952
12.00000000,1.24479582,50.00000000,0.17310290
12.00000000,1.24556250,50.00000000,0.17164957
12.00000000,1.24625587,50.00000000,0.17031656
12.00000000,1.24686715,50.00000000,0.16912602
12.00000000,1.24738336,50.00000000,0.16810904
12.00000000,1.24778198,50.00000000,0.16731617
12.00000000,1.24800000,50.00000000,0.16687969
24.00000000,0.00000000,50.00000000,0.28507082
24.00000000,0.00563934,50.00000000,0.28506780
24.00000000,0.01126984,50.00000000,0.28505877
24.00000000,0.01689151,50.00000000,0.28504376
24.00000000,0.02250431,50.00000000,0.28502278
24.00000000,0.02810823,50.00000000,0.28499587
24.00000000,0.03370327,50.00000000,0.28496307
24.00000000,0.03928941,50.00000000,0.28492438
24.00000000,0.04486663,50.00000000,0.28487985
24.00000000,0.05043491,50.00000000,0.28482951
24.00000000,0.05599426,50.00000000,0.28477337
24.00000000,0.06154464,50.00000000,0.28471146
24.00000000,0.06708605,50.00000000,0.28464382
24.00000000,0.07261847,50.00000000,0.28457048
24.00000000,0.07814189,50.00000000,0.28449145
24.00000000,0.08365629,50.00000000,0.28440676
24.00000000,0.08916166,50.00000000,0.28431645
24.00000000,0.09465798,50.00000000,0.28422054
24.00000000,0.10014524,50.00000000,0.28411905
24.00000000,0.10562342,50.00000000,0.28401202
24.00000000,0.11109251,50.00000000,0.28389946
24.00000000,0.11655249,50.00000000,0.28378142
24.00000000,0.12200335,50.00000000,0.28365791
24.00000000,0.12744507,50.00000000,0.28352896
24.00000000,0.13287764,50.00000000,0.28339459
24.00000000,0.13830104,50.00000000,0.28325484
24.00000000,0.14371525,50.00000000,0.28310973
24.00000000,0.14912026,50.00000000,0.28295929
24.00000000,0.15451606,50.00000000,0.28280354
24.00000000,0.15990263,50.00000000,0.28264251
24.00000000,0.16527995,50.00000000,0.28247622
24.00000000,0.17064800,50.00000000,0.28230470
24.00000000,0.17600678,50.00000000,0.28212798
24.00000000,0.18135626,50.00000000,0.28194608
24.00000000,0.18669643,50.00000000,0.28175904
24.00000000,0.19202727,50.00000000,0.28156686
24.00000000,0.19734877,50.00000000,0.28136959
24.00000000,0.20266090,50.00000000,0.28116724
24.00000000,0.20796366,50.00000000,0.28095985
24.00000000,0.21325703,50.00000000,0.28074743
24.00000000,0.21854099,50.00000000,0.28053001
24.00000000,0.22381551,50.00000000,0.28030763
24.00000000,0.22908060,50.00000000,0.28008029
24.00000000,0.23433622,50.00000000,0.27984804
24.00000000,0.23958237,50.00000000,0.27961089
24.00000000,0.24481902,50.00000000,0.27936886
24.00000000,0.25004615,50.00000000,0.27912199
24.00000000,0.25526376,50.00000000,0.27887030
24.00000000,0.26047182,50.00000000,0.27861382
24.00000000,0.26567032,50.00000000,0.27835256
24.00000000,0.27085923,50.00000000,0.27808656
24.00000000,0.27603854,50.00000000,0.27781583
24.00000000,0.28120823,50.00000000,0.27754041
24.00000000,0.28636829,50.00000000,0.27726031
24.00000000,0.29151870,50.00000000,0.27697557
24.00000000,0.29665943,50.00000000,0.27668620
24.00000000,0.30179047,50.00000000,0.27639223
24.00000000,0.30691180,50.00000000,0.27609369
24.00000000,0.31202341,50.00000000,0.27579059
24.00000000,0.31712527,50.00000000,0.27548297
24.00000000,0.32221737,50.00000000,0.27517085
24.00000000,0.32729968,50.00000000,0.27485424
24.00000000,0.33237219,50.00000000,0.27453318
24.00000000,0.33743488,50.00000000,0.27420769
24.00000000,0.34248773,50.00000000,0.27387780
24.00000000,0.34753072,50.00000000,0.27354351
24.00000000,0.35256383,50.00000000,0.27320487
24.00000000,0.35758705,50.00000000,0.27286189
24.00000000,0.36260034,50.00000000,0.27251460
24.00000000,0.36760370,50.00000000,0.27216301
24.00000000,0.37259710,50.00000000,0.27180716
24.00000000,0.37758053,50.00000000,0.27144706
24.00000000,0.38255396,50.00000000,0.27108275
24.00000000,0.38751737,50.00000000,0.27071423
24.00000000,0.39247075,50.00000000,0.27034154
24.00000000,0.39741406,50.00000000,0.26996470
24.00000000,0.40234730,50.00000000,0.26958372
24.00000000,0.40727044,50.00000000,0.26919864
24.00000000,0.41218346,50.00000000,0.26880948
24.00000000,0.41708634,50.00000000,0.26841625
24.00000000,0.42197906,50.00000000,0.26801898
24.00000000,0.42686160,50.00000000,0.26761769
24.00000000,0.43173393,50.00000000,0.26721241
24.00000000,0.43659604,50.00000000,0.26680316
24.00000000,0.44144790,50.00000000,0.26638995
24.00000000,0.44628949,50.00000000,0.26597281
24.00000000,0.45112079,50.00000000,0.26555176
24.00000000,0.45594178,50.00000000,0.26512683
24.00000000,0.46075243,50.00000000,0.26469803
24.00000000,0.46555273,50.00000000,0.26426539
24.00000000,0.47034265,50.00000000,0.26382892
24.00000000,0.47512217,50.00000000,0.26338866
24.00000000,0.47989126,50.00000000,0.26294461
24.00000000,0.48464991,50.00000000,0.26249680
24.00000000,0.48939808,50.00000000,0.26204526
24.00000000,0.49413576,50.00000000,0.26158999
24.00000000,0.49886293,50.00000000,0.26113104
24.00000000,0.50357956,50.00000000,0.26066840
24.00000000,0.50828562,50.00000000,0.26020211
24.00000000,0.51298109,50.00000000,0.25973218
24.00000000,0.51766596,50.00000000,0.25925864
24.00000000,0.52234019,50.00000000,0.25878150
24.00000000,0.52700376,50.00000000,0.25830078
24.00000000,0.53165664,50.00000000,0.25781651
24.00000000,0.53629882,50.00000000,0.25732871
24.00000000,0.54093026,50.00000000,0.25683738
24.00000000,0.54555094,50.00000000,0.25634256
24.00000000,0.55016085,50.00000000,0.25584427
24.00000000,0.55475994,50.00000000,0.25534251
24.00000000,0.55934820,50.00000000,0.25483731
24.00000000,0.56392559,50.00000000,0.25432870
24.00000000,0.56849211,50.00000000,0.25381668
24.00000000,0.57304771,50.00000000,0.25330128
24.00000000,0.57759237,50.00000000,0.25278252
24.00000000,0.58212607,50.00000000,0.25226040
24.00000000,0.58664878,50.00000000,0.25173496
24.00000000,0.59116047,50.00000000,0.25120622
24.00000000,0.59566112,50.00000000,0.25067418
24.00000000,0.60015069,50.00000000,0.25013886
24.00000000,0.60462917,50.00000000,0.24960029
24.00000000,0.60909652,50.00000000,0.24905848
24.00000000,0.61355271,50.00000000,0.24851345
24.00000000,0.61799772,50.00000000,0.24796521
24.00000000,0.62243152,50.00000000,0.24741379
24.00000000,0.62685408,50.00000000,0.24685920
24.00000000,0.63126538,50.00000000,0.24630146
24.00000000,0.63566538,50.00000000,0.24574057
24.00000000,0.64005405,50.00000000,0.24517657
24.00000000,0.64443137,50.00000000,0.24460946
24.00000000,0.64879730,50.00000000,0.24403927
24.00000000,0.65315182,50.00000000,0.24346600
24.00000000,0.65749489,50.00000000,0.24288968
24.00000000,0.66182649,50.00000000,0.24231031
24.00000000,0.66614659,50.00000000,0.24172792
24.00000000,0.67045515,50.00000000,0.24114252
24.00000000,0.67475214,50.00000000,0.24055413
24.00000000,0.67903753,50.00000000,0.23996276
24.00000000,0.68331130,50.00000000,0.23936842
24.00000000,0.68757340,50.00000000,0.23877113
24.00000000,0.69182381,50.00000000,0.23817090
24.00000000,0.69606250,50.00000000,0.23756775
24.00000000,0.70028943,50.00000000,0.23696169
24.00000000,0.70450457,50.00000000,0.23635274
24.00000000,0.70870788,50.00000000,0.23574090
24.00000000,0.71289934,50.00000000,0.23512620
24.00000000,0.71707890,50.00000000,0.23450864
24.00000000,0.72124654,50.00000000,0.23388824
24.00000000,0.72540223,50.00000000,0.23326501
24.00000000,0.72954592,50.00000000,0.23263897
24.00000000,0.73367758,50.00000000,0.23201012
24.00000000,0.73779717,50.00000000,0.23137848
24.00000000,0.74190467,50.00000000,0.23074405
24.00000000,0.74600004,50.00000000,0.23010686
24.00000000,0.75008323,50.00000000,0.22946691
24.00000000,0.75415422,50.00000000,0.22882421
24.00000000,0.75821296,50.00000000,0.22817878
24.00000000,0.76225943,50.00000000,0.22753063
24.00000000,0.76629357,50.00000000,0.22687975
24.00000000,0.77031536,50.00000000,0.22622618
24.00000000,0.77432475,50.00000000,0.22556991
24.00000000,0.77832172,50.00000000,0.22491095
24.00000000,0.78230621,50.00000000,0.22424932
24.00000000,0.78627819,50.00000000,0.22358502
24.00000000,0.79023762,50.00000000,0.22291807
24.00000000,0.79418447,50.00000000,0.22224846
24.00000000,0.79811868,50.00000000,0.22157622
24.00000000,0.80204022,50.00000000,0.22090134
24.00000000,0.80594905,50.00000000,0.22022384
24.00000000,0.80984513,50.00000000,0.21954372
24.00000000,0.81372841,50.00000000,0.21886099
24.00000000,0.81759885,50.00000000,0.21817565
24.00000000,0.82145642,50.00000000,0.21748772
24.00000000,0.82530106,50.00000000,0.21679719
24.00000000,0.82913273,50.00000000,0.21610408
24.00000000,0.83295140,50.00000000,0.21540840
24.00000000,0.83675700,50.00000000,0.21471013
24.00000000,0.84054951,50.00000000,0.21400930
24.00000000,0.84432887,50.00000000,0.21330590
24.00000000,0.84809504,50.00000000,0.21259994
24.00000000,0.85184798,50.00000000,0.21189142
24.00000000,0.85558762,50.00000000,0.21118035
24.00000000,0.85931394,50.00000000,0.21046673
24.00000000,0.86302688,50.00000000,0.20975056
24.00000000,0.86672638,50.00000000,0.20903185
24.00000000,0.87041241,50.00000000,0.20831058
24.00000000,0.87408492,50.00000000,0.20758678
24.00000000,0.87774384,50.00000000,0.20686044
24.00000000,0.88138914,50.00000000,0.20613155
24.00000000,0.88502076,50.00000000,0.20540012
24.00000000,0.88863865,50.00000000,0.20466616
24.00000000,0.89224276,50.00000000,0.20392965
24.00000000,0.89583303,50.00000000,0.20319059
24.00000000,0.89940942,50.00000000,0.20244900
24.00000000,0.90297186,50.00000000,0.20170485
24.00000000,0.90652030,50.00000000,0.20095816
24.00000000,0.91005469,50.00000000,0.20020891
24.00000000,0.91357497,50.00000000,0.19945710
24.00000000,0.91708108,50.00000000,0.19870274
24.00000000,0.92057297,50.00000000,0.19794581
24.00000000,0.92405058,50.00000000,0.19718631
24.00000000,0.92751385,50.00000000,0.19642423
24.00000000,0.93096271,50.00000000,0.19565957
24.00000000,0.93439712,50.00000000,0.19489232
24.00000000,0.93781700,50.00000000,0.19412247
24.00000000,0.94122230,50.00000000,0.19335002
24.00000000,0.94461296,50.00000000,0.19257495
24.00000000,0.94798890,50.00000000,0.19179725
24.00000000,0.95135007,50.00000000,0.19101692
24.00000000,0.95469640,50.00000000,0.19023394
24.00000000,0.95802782,50.00000000,0.18944830
24.00000000,0.96134427,50.00000000,0.18866000
24.00000000,0.96464568,50.00000000,0.18786901
24.00000000,0.96793198,50.00000000,0.18707532
24.00000000,0.97120310,50.00000000,0.18627892
24.00000000,0.97445897,50.00000000,0.18547978
24.00000000,0.97769952,50.00000000,0.18467791
24.00000000,0.98092468,50.00000000,0.18387327
24.00000000,0.98413436,50.00000000,0.18306585
24.00000000,0.98732851,50.00000000,0.18225563
24.00000000,0.99050703,50.00000000,0.18144258
24.00000000,0.99366986,50.00000000,0.18062670
24.00000000,0.99681691,50.00000000,0.17980795
24.00000000,0.99994810,50.00000000,0.17898631
24.00000000,1.00306337,50.00000000,0.17816176
24.00000000,1.00616261,50.00000000,0.17733427
24.00000000,1.00924576,50.00000000,0.17650381
24.00000000,1.01231272,50.00000000,0.17567036
24.00000000,1.01536341,50.00000000,0.17483389
24.00000000,1.01839774,50.00000000,0.17399437
24.00000000,1.02141563,50.00000000,0.17315176
24.00000000,1.02441697,50.00000000,0.17230603
24.00000000,1.02740170,50.00000000,0.17145714
24.00000000,1.03036970,50.00000000,0.17060507
24.00000000,1.03332088,50.00000000,0.16974977
24.00000000,1.03625515,50.00000000,0.16889120
24.00000000,1.03917241,50.00000000,0.16802932
24.00000000,1.04207256,50.00000000,0.16716409
24.00000000,1.04495550,50.00000000,0.16629547
24.00000000,1.04782112,50.00000000,0.16542340
24.00000000,1.05066932,50.00000000,0.16454784
24.00000000,1.05350000,50.00000000,0.16366873
24.00000000,1.05631304,50.00000000,0.16278603
24.00000000,1.05910833,50.00000000,0.16189968
24.00000000,1.06188576,50.00000000,0.16100963
24.00000000,1.06464521,50.00000000,0.16011580
24.00000000,1.06738656,50.00000000,0.15921815
24.00000000,1.07010970,50.00000000,0.15831660
24.00000000,1.07281451,50.00000000,0.15741109
24.00000000,1.07550085,50.00000000,0.15650155
24.00000000,1.07816860,50.00000000,0.15558790
24.00000000,1.08081762,50.00000000,0.15467007
24.00000000,1.08344780,50.00000000,0.15374797
24.00000000,1.08605898,50.00000000,0.15282153
24.00000000,1.08865103,50.00000000,0.15189066
24.00000000,1.09122381,50.00000000,0.15095526
24.00000000,1.09377717,50.00000000,0.15001524
24.00000000,1.09631097,50.00000000,0.14907051
24.00000000,1.09882504,50.00000000,0.14812095
24.00000000,1.10131924,50.00000000,0.14716647
24.00000000,1.10379341,50.00000000,0.14620695
24.00000000,1.10624738,50.00000000,0.14524226
24.00000000,1.10868099,50.00000000,0.14427230
24.00000000,1.11109405,50.00000000,0.14329692
24.00000000,1.11348641,50.00000000,0.14231600
24.00000000,1.11585787,50.00000000,0.14132938
24.00000000,1.11820824,50.00000000,0.14033694
24.00000000,1.12053735,50.00000000,0.13933849
24.00000000,1.12284499,50.00000000,0.13833390
24.00000000,1.12513096,50.00000000,0.13732298
24.00000000,1.12739506,50.00000000,0.13630555
24.00000000,1.12963706,50.00000000,0.13528143
24.00000000,1.13185676,50.00000000,0.13425042
24.00000000,1.13405392,50.00000000,0.13321230
24.00000000,1.13622831,50.00000000,0.13216687
24.00000000,1.13837969,50.00000000,0.13111389
24.00000000,1.14050781,50.00000000,0.13005311
24.00000000,1.14261242,50.00000000,0.12898427
24.00000000,1.14469324,50.00000000,0.12790712
24.00000000,1.14675000,50.00000000,0.12682135
24.00000000,1.14878243,50.00000000,0.12572667
24.00000000,1.15079021,50.00000000,0.12462276
24.00000000,1.15277306,50.00000000,0.12350927
24.00000000,1.15473064,50.00000000,0.12238585
24.00000000,1.15666263,50.00000000,0.12125211
24.00000000,1.15856869,50.00000000,0.12010765
24.00000000,1.16044845,50.00000000,0.11895203
24.00000000,1.16230155,50.00000000,0.11778479
24.00000000,1.16412760,50.00000000,0.11660545
24.00000000,1.16592618,50.00000000,0.11541348
24.00000000,1.16769687,50.00000000,0.11420832
24.00000000,1.16943923,50.00000000,0.11298938
24.00000000,1.17115279,50.00000000,0.11175601
24.00000000,1.17283705,50.00000000,0.11050753
24.00000000,1.17449150,50.00000000,0.10924320
24.00000000,1.17611558,50.00000000,0.10796224
24.00000000,1.17770873,50.00000000,0.10666379
24.00000000,1.17927033,50.00000000,0.10534694
24.00000000,1.18079972,50.00000000,0.10401071
24.00000000,1.18229621,50.00000000,0.10265403
24.00000000,1.18375907,50.00000000,0.10127577
24.00000000,1.18518750,50.00000000,0.09987469
24.00000000,1.18658065,50.00000000,0.09844946
24.00000000,1.18793761,50.00000000,0.09699866
24.00000000,1.18925737,50.00000000,0.09552077
24.00000000,1.19053887,50.00000000,0.09401415
24.00000000,1.19178092,50.00000000,0.09247708
24.00000000,1.19298223,50.00000000,0.09090775
24.00000000,1.19414137,50.00000000,0.08930433
24.00000000,1.19525674,50.00000000,0.08766495
24.00000000,1.19632655,50.00000000,0.08598791
24.00000000,1.19734878,50.00000000,0.08427175
24.00000000,1.19832109,50.00000000,0.08251562
24.00000000,1.19924077,50.00000000,0.08071971
24.00000000,1.20010463,50.00000000,0.07888613
24.00000000,1.20090879,50.00000000,0.07702034
24.00000000,1.20164844,50.00000000,0.07513363
24.00000000,1.20231736,50.00000000,0.07324764
24.00000000,1.20290709,50.00000000,0.07140243
24.00000000,1.20340510,50.00000000,0.06967203
24.00000000,1.20378967,50.00000000,0.06819782
24.00000000,1.20400000,50.00000000,0.06732954
36.00000000,0.00000000,50.00000000,0.19280430
36.00000000,0.00562060,50.00000000,0.19280268
36.00000000,0.01123240,50.00000000,0.19279784
36.00000000,0.01683539,50.00000000,0.19278978
36.00000000,0.02242954,50.00000000,0.19277853
36.00000000,0.02801485,50.00000000,0.19276410
36.00000000,0.03359130,50.00000000,0.19274651
36.00000000,0.03915888,50.00000000,0.19272576
36.00000000,0.04471757,50.00000000,0.19270188
36.00000000,0.05026736,50.00000000,0.19267487
36.00000000,0.05580823,50.00000000,0.19264476
36.00000000,0.06134018,50.00000000,0.19261155
36.00000000,0.06686318,50.00000000,0.19257526
36.00000000,0.07237722,50.00000000,0.19253590
36.00000000,0.07788229,50.00000000,0.19249350
36.00000000,0.08337837,50.00000000,0.19244805
36.00000000,0.08886544,50.00000000,0.19239958
36.00000000,0.09434351,50.00000000,0.19234810
36.00000000,0.09981253,50.00000000,0.19229362
36.00000000,0.10527251,50.00000000,0.19223616
36.00000000,0.11072343,50.00000000,0.19217573
36.00000000,0.11616528,50.00000000,0.19211234
36.00000000,0.12159802,50.00000000,0.19204601
36.00000000,0.12702167,50.00000000,0.19197675
36.00000000,0.13243618,50.00000000,0.19190457
36.00000000,0.13784156,50.00000000,0.19182948
36.00000000,0.14323779,50.00000000,0.19175150
36.00000000,0.14862485,50.00000000,0.19167065
36.00000000,0.15400272,50.00000000,0.19158692
36.00000000,0.15937139,50.00000000,0.19150035
36.00000000,0.16473084,50.00000000,0.19141093
36.00000000,0.17008106,50.00000000,0.19131868
36.00000000,0.17542204,50.00000000,0.19122362
36.00000000,0.18075375,50.00000000,0.19112576
36.00000000,0.18607617,50.00000000,0.19102510
36.00000000,0.19138931,50.00000000,0.19092166
36.00000000,0.19669312,50.00000000,0.19081546
36.00000000,0.20198761,50.00000000,0.19070650
36.00000000,0.20727276,50.00000000,0.19059480
36.00000000,0.21254854,50.00000000,0.19048036
36.00000000,0.21781494,50.00000000,0.19036321
36.00000000,0.22307194,50.00000000,0.19024335
36.00000000,0.22831953,50.00000000,0.19012079
36.00000000,0.23355770,50.00000000,0.18999555
36.00000000,0.23878641,50.00000000,0.18986764
36.00000000,0.24400566,50.00000000,0.18973706
36.00000000,0.24921543,50.00000000,0.18960384
36.00000000,0.25441571,50.00000000,0.18946797
36.00000000,0.25960647,50.00000000,0.18932948
36.00000000,0.26478769,50.00000000,0.18918837
36.00000000,0.26995936,50.00000000,0.18904466
36.00000000,0.27512147,50.00000000,0.18889835
36.00000000,0.28027399,50.00000000,0.18874947
36.00000000,0.28541690,50.00000000,0.18859800
36.00000000,0.29055020,50.00000000,0.18844398
36.00000000,0.29567385,50.00000000,0.18828741
36.00000000,0.30078784,50.00000000,0.18812830
36.00000000,0.30589216,50.00000000,0.18796666
36.00000000,0.31098679,50.00000000,0.18780250
36.00000000,0.31607170,50.00000000,0.18763583
36.00000000,0.32114688,50.00000000,0.18746667
36.00000000,0.32621230,50.00000000,0.18729502
36.00000000,0.33126796,50.00000000,0.18712089
36.00000000,0.33631383,50.00000000,0.18694430
36.00000000,0.34134990,50.00000000,0.18676525
36.00000000,0.34637613,50.00000000,0.18658375
36.00000000,0.35139252,50.00000000,0.18639982
36.00000000,0.35639905,50.00000000,0.18621347
36.00000000,0.36139569,50.00000000,0.18602469
36.00000000,0.36638243,50.00000000,0.18583351
36.00000000,0.37135924,50.00000000,0.18563994
36.00000000,0.37632611,50.00000000,0.18544398
36.00000000,0.38128302,50.00000000,0.18524564
36.00000000,0.38622994,50.00000000,0.18504494
36.00000000,0.39116686,50.00000000,0.18484187
36.00000000,0.39609375,50.00000000,0.18463646
36.00000000,0.40101060,50.00000000,0.18442871
36.00000000,0.40591738,50.00000000,0.18421863
36.00000000,0.41081408,50.00000000,0.18400624
36.00000000,0.41570067,50.00000000,0.18379153
36.00000000,0.42057714,50.00000000,0.18357451
36.00000000,0.42544345,50.00000000,0.18335521
36.00000000,0.43029960,50.00000000,0.18313362
36.00000000,0.43514555,50.00000000,0.18290976
36.00000000,0.43998129,50.00000000,0.18268363
36.00000000,0.44480680,50.00000000,0.18245524
36.00000000,0.44962205,50.00000000,0.18222461
36.00000000,0.45442702,50.00000000,0.18199174
36.00000000,0.45922169,50.00000000,0.18175663
36.00000000,0.46400604,50.00000000,0.18151930
36.00000000,0.46878005,50.00000000,0.18127976
36.00000000,0.47354369,50.00000000,0.18103801
36.00000000,0.47829694,50.00000000,0.18079406
36.00000000,0.48303977,50.00000000,0.18054793
36.00000000,0.48777217,50.00000000,0.18029961
36.00000000,0.49249412,50.00000000,0.18004912
36.00000000,0.49720558,50.00000000,0.17979647
36.00000000,0.50190653,50.00000000,0.17954165
36.00000000,0.50659696,50.00000000,0.17928469
36.00000000,0.51127684,50.00000000,0.17902559
36.00000000,0.51594614,50.00000000,0.17876435
36.00000000,0.52060484,50.00000000,0.17850098
36.00000000,0.52525291,50.00000000,0.17823550
36.00000000,0.52989034,50.00000000,0.17796790
36.00000000,0.53451709,50.00000000,0.17769820
36.00000000,0.53913315,50.00000000,0.17742640
36.00000000,0.54373848,50.00000000,0.17715252
36.00000000,0.54833307,50.00000000,0.17687655
36.00000000,0.55291688,50.00000000,0.17659850
36.00000000,0.55748990,50.00000000,0.17631839
36.00000000,0.56205209,50.00000000,0.17603621
36.00000000,0.56660343,50.00000000,0.17575198
36.00000000,0.57114390,50.00000000,0.17546570
36.00000000,0.57567346,50.00000000,0.17517738
36.00000000,0.58019210,50.00000000,0.17488702
36.00000000,0.58469978,50.00000000,0.17459464
36.00000000,0.58919648,50.00000000,0.17430023
36.00000000,0.59368218,50.00000000,0.17400381
36.00000000,0.59815683,50.00000000,0.17370537
36.00000000,0.60262043,50.00000000,0.17340494
36.00000000,0.60707294,50.00000000,0.17310250
36.00000000,0.61151433,50.00000000,0.17279807
36.00000000,0.61594457,50.00000000,0.17249166
36.00000000,0.62036364,50.00000000,0.17218326
36.00000000,0.62477151,50.00000000,0.17187289
36.00000000,0.62916815,50.00000000,0.17156055
36.00000000,0.63355353,50.00000000,0.17124625
36.00000000,0.63792762,50.00000000,0.17092998
36.00000000,0.64229040,50.00000000,0.17061176
36.00000000,0.64664183,50.00000000,0.17029160
36.00000000,0.65098188,50.00000000,0.16996949
36.00000000,0.65531052,50.00000000,0.16964544
36.00000000,0.65962773,50.00000000,0.16931945
36.00000000,0.66393347,50.00000000,0.16899154
36.00000000,0.66822772,50.00000000,0.16866170
36.00000000,0.67251044,50.00000000,0.16832994
36.00000000,0.67678159,50.00000000,0.16799627
36.00000000,0.68104116,50.00000000,0.16766068
36.00000000,0.68528911,50.00000000,0.16732318
36.00000000,0.68952540,50.00000000,0.16698378
36.00000000,0.69375000,50.00000000,0.16664248
36.00000000,0.69796289,50.00000000,0.16629928
36.00000000,0.70216402,50.00000000,0.16595419
36.00000000,0.70635337,50.00000000,0.16560721
36.00000000,0.71053090,50.00000000,0.16525834
36.00000000,0.71469658,50.00000000,0.16490759
36.00000000,0.71885038,50.00000000,0.16455496
36.00000000,0.72299225,50.00000000,0.16420045
36.00000000,0.72712217,50.00000000,0.16384407
36.00000000,0.73124011,50.00000000,0.16348581
36.00000000,0.73534602,50.00000000,0.16312569
36.00000000,0.73943987,50.00000000,0.16276369
36.00000000,0.74352163,50.00000000,0.16239984
36.00000000,0.74759126,50.00000000,0.16203412
36.00000000,0.75164872,50.00000000,0.16166653
36.00000000,0.75569398,50.00000000,0.16129709
36.00000000,0.75972700,50.00000000,0.16092580
36.00000000,0.76374774,50.00000000,0.16055264
36.00000000,0.76775617,50.00000000,0.16017763
36.00000000,0.77175225,50.00000000,0.15980077
36.00000000,0.77573593,50.00000000,0.15942205
36.00000000,0.77970719,50.00000000,0.15904148
36.00000000,0.78366597,50.00000000,0.15865906
36.00000000,0.78761225,50.00000000,0.15827478
36.00000000,0.79154598,50.00000000,0.15788866
36.00000000,0.79546712,50.00000000,0.15750068
36.00000000,0.79937563,50.00000000,0.15711086
36.00000000,0.80327148,50.00000000,0.15671918
36.00000000,0.80715461,50.00000000,0.15632564
36.00000000,0.81102499,50.00000000,0.15593026
36.00000000,0.81488258,50.00000000,0.15553302
36.00000000,0.81872733,50.00000000,0.15513393
36.00000000,0.82255919,50.00000000,0.15473298
36.00000000,0.82637814,50.00000000,0.15433017
36.00000000,0.83018411,50.00000000,0.15392550
36.00000000,0.83397708,50.00000000,0.15351896
36.00000000,0.83775699,50.00000000,0.15311057
36.00000000,0.84152379,50.00000000,0.15270030
36.00000000,0.84527745,50.00000000,0.15228817
36.00000000,0.84901792,50.00000000,0.15187416
36.00000000,0.85274514,50.00000000,0.15145828
36.00000000,0.85645908,50.00000000,0.15104052
36.00000000,0.86015968,50.00000000,0.15062087
36.00000000,0.86384689,50.00000000,0.15019934
36.00000000,0.86752068,50.00000000,0.14977591
36.00000000,0.87118098,50.00000000,0.14935059
36.00000000,0.87482775,50.00000000,0.14892337
36.00000000,0.87846094,50.00000000,0.14849424
36.00000000,0.88208049,50.00000000,0.14806319
36.00000000,0.88568636,50.00000000,0.14763023
36.00000000,0.88927850,50.00000000,0.14719535
36.00000000,0.89285684,50.00000000,0.14675853
36.00000000,0.89642134,50.00000000,0.14631978
36.00000000,0.89997195,50.00000000,0.14587908
36.00000000,0.90350860,50.00000000,0.14543643
36.00000000,0.90703125,50.00000000,0.14499181
36.00000000,0.91053983,50.00000000,0.14454523
36.00000000,0.91403430,50.00000000,0.14409667
36.00000000,0.91751459,50.00000000,0.14364613
36.00000000,0.92098064,50.00000000,0.14319359
36.00000000,0.92443240,50.00000000,0.14273904
36.00000000,0.92786981,50.00000000,0.14228248
36.00000000,0.93129281,50.00000000,0.14182389
36.00000000,0.93470133,50.00000000,0.14136326
36.00000000,0.93809532,50.00000000,0.14090059
36.00000000,0.94147471,50.00000000,0.14043585
36.00000000,0.94483943,50.00000000,0.13996904
36.00000000,0.94818944,50.00000000,0.13950014
36.00000000,0.95152465,50.00000000,0.13902914
36.00000000,0.95484500,50.00000000,0.13855602
36.00000000,0.95815044,50.00000000,0.13808077
36.00000000,0.96144088,50.00000000,0.13760338
36.00000000,0.96471626,50.00000000,0.13712383
36.00000000,0.96797652,50.00000000,0.13664210
36.00000000,0.97122157,50.00000000,0.13615817
36.00000000,0.97445135,50.00000000,0.13567203
36.00000000,0.97766579,50.00000000,0.13518366
36.00000000,0.98086481,50.00000000,0.13469304
36.00000000,0.98404835,50.00000000,0.13420015
36.00000000,0.98721631,50.00000000,0.13370497
36.00000000,0.99036863,50.00000000,0.13320747
36.00000000,0.99350522,50.00000000,0.13270764
36.00000000,0.99662602,50.00000000,0.13220546
36.00000000,0.99973093,50.00000000,0.13170089
36.00000000,1.00281988,50.00000000,0.13119392
36.00000000,1.00589278,50.00000000,0.13068452
36.00000000,1.00894955,50.00000000,0.13017266
36.00000000,1.01199011,50.00000000,0.12965831
36.00000000,1.01501436,50.00000000,0.12914145
36.00000000,1.01802222,50.00000000,0.12862205
36.00000000,1.02101360,50.00000000,0.12810007
36.00000000,1.02398840,50.00000000,0.12757549
36.00000000,1.02694654,50.00000000,0.12704827
36.00000000,1.02988792,50.00000000,0.12651838
36.00000000,1.03281244,50.00000000,0.12598578
36.00000000,1.03572001,50.00000000,0.12545044
36.00000000,1.03861053,50.00000000,0.12491231
36.00000000,1.04148389,50.00000000,0.12437137
36.00000000,1.04433999,50.00000000,0.12382756
36.00000000,1.04717873,50.00000000,0.12328084
36.00000000,1.05000000,50.00000000,0.12273118
36.00000000,1.05280369,50.00000000,0.12217852
36.00000000,1.05558970,50.00000000,0.12162282
36.00000000,1.05835790,50.00000000,0.12106403
36.00000000,1.06110818,50.00000000,0.12050209
36.00000000,1.06384043,50.00000000,0.11993696
36.00000000,1.06655452,50.00000000,0.11936858
36.00000000,1.06925034,50.00000000,0.11879689
36.00000000,1.07192775,50.00000000,0.11822183
36.00000000,1.07458664,50.00000000,0.11764334
36.00000000,1.07722687,50.00000000,0.11706135
36.00000000,1.07984830,50.00000000,0.11647580
36.00000000,1.08245081,50.00000000,0.11588663
36.00000000,1.08503425,50.00000000,0.11529374
36.00000000,1.08759848,50.00000000,0.11469707
36.00000000,1.09014336,50.00000000,0.11409655
36.00000000,1.09266874,50.00000000,0.11349208
36.00000000,1.09517446,50.00000000,0.11288358
36.00000000,1.09766038,50.00000000,0.11227096
36.00000000,1.10012632,50.00000000,0.11165413
36.00000000,1.10257214,50.00000000,0.11103299
36.00000000,1.10499766,50.00000000,0.11040744
36.00000000,1.10740271,50.00000000,0.10977736
36.00000000,1.10978712,50.00000000,0.10914265
36.00000000,1.11215070,50.00000000,0.10850320
36.00000000,1.11449327,50.00000000,0.10785887
36.00000000,1.11681464,50.00000000,0.10720954
36.00000000,1.11911461,50.00000000,0.10655508
36.00000000,1.12139299,50.00000000,0.10589534
36.00000000,1.12364956,50.00000000,0.10523017
36.00000000,1.12588412,50.00000000,0.10455942
36.00000000,1.12809644,50.00000000,0.10388292
36.00000000,1.13028630,50.00000000,0.10320051
36.00000000,1.13245347,50.00000000,0.10251200
36.00000000,1.13459770,50.00000000,0.10181719
36.00000000,1.13671875,50.00000000,0.10111589
36.00000000,1.13881636,50.00000000,0.10040788
36.00000000,1.14089027,50.00000000,0.09969293
36.00000000,1.14294020,50.00000000,0.09897082
36.00000000,1.14496588,50.00000000,0.09824128
36.00000000,1.14696699,50.00000000,0.09750404
36.00000000,1.14894325,50.00000000,0.09675883
36.00000000,1.15089433,50.00000000,0.09600535
36.00000000,1.15281990,50.00000000,0.09524326
36.00000000,1.15471962,50.00000000,0.09447223
36.00000000,1.15659314,50.00000000,0.09369189
36.00000000,1.15844008,50.00000000,0.09290186
36.00000000,1.16026006,50.00000000,0.09210173
36.00000000,1.16205267,50.00000000,0.09129104
36.00000000,1.16381748,50.00000000,0.09046932
36.00000000,1.16555405,50.00000000,0.08963606
36.00000000,1.16726191,50.00000000,0.08879070
36.00000000,1.16894058,50.00000000,0.08793267
36.00000000,1.17058953,50.00000000,0.08706132
36.00000000,1.17220822,50.00000000,0.08617596
36.00000000,1.17379608,50.00000000,0.08527585
36.00000000,1.17535248,50.00000000,0.08436018
36.00000000,1.17687679,50.00000000,0.08342808
36.00000000,1.17836832,50.00000000,0.08247859
36.00000000,1.17982632,50.00000000,0.08151068
36.00000000,1.18125000,50.00000000,0.08052323
36.00000000,1.18263852,50.00000000,0.07951500
36.00000000,1.18399097,50.00000000,0.07848465
36.00000000,1.18530635,50.00000000,0.07743073
36.00000000,1.18658359,50.00000000,0.07635163
36.00000000,1.18782152,50.00000000,0.07524562
36.00000000,1.18901884,50.00000000,0.07411083
36.00000000,1.19017412,50.00000000,0.07294525
36.00000000,1.19128579,50.00000000,0.07174675
36.00000000,1.19235205,50.00000000,0.07051311
36.00000000,1.19337087,50.00000000,0.06924215
36.00000000,1.19433995,50.00000000,0.06793186
36.00000000,1.19525658,50.00000000,0.06658075
36.00000000,1.19611757,50.00000000,0.06518840
36.00000000,1.19691906,50.00000000,0.06375654
36.00000000,1.19765625,50.00000000,0.06229103
36.00000000,1.19832295,50.00000000,0.06080556
36.00000000,1.19891072,50.00000000,0.05932890
36.00000000,1.19940707,50.00000000,0.05791920
36.00000000,1.19979037,50.00000000,0.05669567
36.00000000,1.20000000,50.00000000,0.05596395
48.00000000,0.00000000,50.00000000,0.15614298
48.00000000,0.00562060,50.00000000,0.15614184
48.00000000,0.01123240,50.00000000,0.15613843
48.00000000,0.01683539,50.00000000,0.15613275
48.00000000,0.02242954,50.00000000,0.15612483
48.00000000,0.02801485,50.00000000,0.15611466
48.00000000,0.03359130,50.00000000,0.15610226
48.00000000,0.03915888,50.00000000,0.15608764
48.00000000,0.04471757,50.00000000,0.15607080
48.00000000,0.05026736,50.00000000,0.15605177
48.00000000,0.05580823,50.00000000,0.15603054
48.00000000,0.06134018,50.00000000,0.15600714
48.00000000,0.06686318,50.00000000,0.15598156
48.00000000,0.07237722,50.00000000,0.15595382
48.00000000,0.07788229,50.00000000,0.15592392
48.00000000,0.08337837,50.00000000,0.15589189
48.00000000,0.08886544,50.00000000,0.15585772
48.00000000,0.09434351,50.00000000,0.15582142
48.00000000,0.09981253,50.00000000,0.15578301
48.00000000,0.10527251,50.00000000,0.15574250
48.00000000,0.11072343,50.00000000,0.15569989
48.00000000,0.11616528,50.00000000,0.15565518
48.00000000,0.12159802,50.00000000,0.15560840
48.00000000,0.12702167,50.00000000,0.15555955
48.00000000,0.13243618,50.00000000,0.15550864
48.00000000,0.13784156,50.00000000,0.15545568
48.00000000,0.14323779,50.00000000,0.15540067
48.00000000,0.14862485,50.00000000,0.15534362
48.00000000,0.15400272,50.00000000,0.15528455
48.00000000,0.15937139,50.00000000,0.15522346
48.00000000,0.16473084,50.00000000,0.15516035
48.00000000,0.17008106,50.00000000,0.15509525
48.00000000,0.17542204,50.00000000,0.15502815
48.00000000,0.18075375,50.00000000,0.15495907
48.00000000,0.18607617,50.00000000,0.15488800
48.00000000,0.19138931,50.00000000,0.15481497
48.00000000,0.19669312,50.00000000,0.15473997
48.00000000,0.20198761,50.00000000,0.15466302
48.00000000,0.20727276,50.00000000,0.15458413
48.00000000,0.21254854,50.00000000,0.15450329
48.00000000,0.21781494,50.00000000,0.15442053
48.00000000,0.22307194,50.00000000,0.15433584
48.00000000,0.22831953,50.00000000,0.15424923
48.00000000,0.23355770,50.00000000,0.15416072
48.00000000,0.23878641,50.00000000,0.15407030
48.00000000,0.24400566,50.00000000,0.15397800
48.00000000,0.24921543,50.00000000,0.15388380
48.00000000,0.25441571,50.00000000,0.15378772
48.00000000,0.25960647,50.00000000,0.15368978
48.00000000,0.26478769,50.00000000,0.15358997
48.00000000,0.26995936,50.00000000,0.15348830
48.00000000,0.27512147,50.00000000,0.15338478
48.00000000,0.28027399,50.00000000,0.15327941
48.00000000,0.28541690,50.00000000,0.15317221
48.00000000,0.29055020,50.00000000,0.15306318
48.00000000,0.29567385,50.00000000,0.15295232
48.00000000,0.30078784,50.00000000,0.15283965
48.00000000,0.30589216,50.00000000,0.15272516
48.00000000,0.31098679,50.00000000,0.15260888
48.00000000,0.31607170,50.00000000,0.15249079
48.00000000,0.32114688,50.00000000,0.15237092
48.00000000,0.32621230,50.00000000,0.15224926
48.00000000,0.33126796,50.00000000,0.15212582
48.00000000,0.33631383,50.00000000,0.15200061
48.00000000,0.34134990,50.00000000,0.15187364
48.00000000,0.34637613,50.00000000,0.15174490
48.00000000,0.35139252,50.00000000,0.15161442
48.00000000,0.35639905,50.00000000,0.15148218
48.00000000,0.36139569,50.00000000,0.15134821
48.00000000,0.36638243,50.00000000,0.15121250
48.00000000,0.37135924,50.00000000,0.15107506
48.00000000,0.37632611,50.00000000,0.15093589
48.00000000,0.38128302,50.00000000,0.15079501
48.00000000,0.38622994,50.00000000,0.15065242
48.00000000,0.39116686,50.00000000,0.15050812
48.00000000,0.39609375,50.00000000,0.15036212
48.00000000,0.40101060,50.00000000,0.15021443
48.00000000,0.40591738,50.00000000,0.15006504
48.00000000,0.41081408,50.00000000,0.14991398
48.00000000,0.41570067,50.00000000,0.14976123
48.00000000,0.42057714,50.00000000,0.14960681
48.00000000,0.42544345,50.00000000,0.14945072
48.00000000,0.43029960,50.00000000,0.14929297
48.00000000,0.43514555,50.00000000,0.14913356
48.00000000,0.43998129,50.00000000,0.14897250
48.00000000,0.44480680,50.00000000,0.14880979
48.00000000,0.44962205,50.00000000,0.14864544
48.00000000,0.45442702,50.00000000,0.14847945
48.00000000,0.45922169,50.00000000,0.14831183
48.00000000,0.46400604,50.00000000,0.14814258
48.00000000,0.46878005,50.00000000,0.14797171
48.00000000,0.47354369,50.00000000,0.14779922
48.00000000,0.47829694,50.00000000,0.14762511
48.00000000,0.48303977,50.00000000,0.14744939
48.00000000,0.48777217,50.00000000,0.14727208
48.00000000,0.49249412,50.00000000,0.14709316
48.00000000,0.49720558,50.00000000,0.14691264
48.00000000,0.50190653,50.00000000,0.14673053
48.00000000,0.50659696,50.00000000,0.14654684
48.00000000,0.51127684,50.00000000,0.14636156
48.00000000,0.51594614,50.00000000,0.14617470
48.00000000,0.52060484,50.00000000,0.14598627
48.00000000,0.52525291,50.00000000,0.14579627
48.00000000,0.52989034,50.00000000,0.14560470
48.00000000,0.53451709,50.00000000,0.14541157
48.00000000,0.53913315,50.00000000,0.14521687
48.00000000,0.54373848,50.00000000,0.14502063
48.00000000,0.54833307,50.00000000,0.14482283
48.00000000,0.55291688,50.00000000,0.14462348
48.00000000,0.55748990,50.00000000,0.14442259
48.00000000,0.56205209,50.00000000,0.14422016
48.00000000,0.56660343,50.00000000,0.14401619
48.00000000,0.57114390,50.00000000,0.14381068
48.00000000,0.57567346,50.00000000,0.14360365
48.00000000,0.58019210,50.00000000,0.14339508
48.00000000,0.58469978,50.00000000,0.14318500
48.00000000,0.58919648,50.00000000,0.14297339
48.00000000,0.59368218,50.00000000,0.14276026
48.00000000,0.59815683,50.00000000,0.14254562
48.00000000,0.60262043,50.00000000,0.14232946
48.00000000,0.60707294,50.00000000,0.14211179
48.00000000,0.61151433,50.00000000,0.14189262
48.00000000,0.61594457,50.00000000,0.14167194
48.00000000,0.62036364,50.00000000,0.14144976
48.00000000,0.62477151,50.00000000,0.14122608
48.00000000,0.62916815,50.00000000,0.14100091
48.00000000,0.63355353,50.00000000,0.14077424
48.00000000,0.63792762,50.00000000,0.14054607
48.00000000,0.64229040,50.00000000,0.14031642
48.00000000,0.64664183,50.00000000,0.14008528
48.00000000,0.65098188,50.00000000,0.13985265
48.00000000,0.65531052,50.00000000,0.13961853
48.00000000,0.65962773,50.00000000,0.13938294
48.00000000,0.66393347,50.00000000,0.13914586
48.00000000,0.66822772,50.00000000,0.13890730
48.00000000,0.67251044,50.00000000,0.13866727
48.00000000,0.67678159,50.00000000,0.13842576
48.00000000,0.68104116,50.00000000,0.13818277
48.00000000,0.68528911,50.00000000,0.13793832
48.00000000,0.68952540,50.00000000,0.13769238
48.00000000,0.69375000,50.00000000,0.13744498
48.00000000,0.69796289,50.00000000,0.13719611
48.00000000,0.70216402,50.00000000,0.13694576
48.00000000,0.70635337,50.00000000,0.13669395
48.00000000,0.71053090,50.00000000,0.13644067
48.00000000,0.71469658,50.00000000,0.13618593
48.00000000,0.71885038,50.00000000,0.13592971
48.00000000,0.72299225,50.00000000,0.13567203
48.00000000,0.72712217,50.00000000,0.13541289
48.00000000,0.73124011,50.00000000,0.13515227
48.00000000,0.73534602,50.00000000,0.13489019
48.00000000,0.73943987,50.00000000,0.13462665
48.00000000,0.74352163,50.00000000,0.13436163
48.00000000,0.74759126,50.00000000,0.13409515
48.00000000,0.75164872,50.00000000,0.13382721
48.00000000,0.75569398,50.00000000,0.13355779
48.00000000,0.75972700,50.00000000,0.13328691
48.00000000,0.76374774,50.00000000,0.13301456
48.00000000,0.76775617,50.00000000,0.13274073
48.00000000,0.77175225,50.00000000,0.13246544
48.00000000,0.77573593,50.00000000,0.13218867
48.00000000,0.77970719,50.00000000,0.13191043
48.00000000,0.78366597,50.00000000,0.13163072
48.00000000,0.78761225,50.00000000,0.13134952
48.00000000,0.79154598,50.00000000,0.13106685
48.00000000,0.79546712,50.00000000,0.13078270
48.00000000,0.79937563,50.00000000,0.13049706
48.00000000,0.80327148,50.00000000,0.13020994
48.00000000,0.80715461,50.00000000,0.12992133
48.00000000,0.81102499,50.00000000,0.12963123
48.00000000,0.81488258,50.00000000,0.12933963
48.00000000,0.81872733,50.00000000,0.12904655
48.00000000,0.82255919,50.00000000,0.12875196
48.00000000,0.82637814,50.00000000,0.12845587
48.00000000,0.83018411,50.00000000,0.12815827
48.00000000,0.83397708,50.00000000,0.12785917
48.00000000,0.83775699,50.00000000,0.12755855
48.00000000,0.84152379,50.00000000,0.12725641
48.00000000,0.84527745,50.00000000,0.12695276
48.00000000,0.84901792,50.00000000,0.12664758
48.00000000,0.85274514,50.00000000,0.12634086
48.00000000,0.85645908,50.00000000,0.12603262
48.00000000,0.86015968,50.00000000,0.12572283
48.00000000,0.86384689,50.00000000,0.12541150
48.00000000,0.86752068,50.00000000,0.12509861
48.00000000,0.87118098,50.00000000,0.12478417
48.00000000,0.87482775,50.00000000,0.12446817
48.00000000,0.87846094,50.00000000,0.12415060
48.00000000,0.88208049,50.00000000,0.12383145
48.00000000,0.88568636,50.00000000,0.12351073
48.00000000,0.88927850,50.00000000,0.12318841
48.00000000,0.89285684,50.00000000,0.12286450
48.00000000,0.89642134,50.00000000,0.12253898
48.00000000,0.89997195,50.00000000,0.12221186
48.00000000,0.90350860,50.00000000,0.12188311
48.00000000,0.90703125,50.00000000,0.12155274
48.00000000,0.91053983,50.00000000,0.12122073
48.00000000,0.91403430,50.00000000,0.12088707
48.00000000,0.91751459,50.00000000,0.12055176
48.00000000,0.92098064,50.00000000,0.12021479
48.00000000,0.92443240,50.00000000,0.11987614
48.00000000,0.92786981,50.00000000,0.11953581
48.00000000,0.93129281,50.00000000,0.11919379
48.00000000,0.93470133,50.00000000,0.11885005
48.00000000,0.93809532,50.00000000,0.11850461
48.00000000,0.94147471,50.00000000,0.11815743
48.00000000,0.94483943,50.00000000,0.11780851
48.00000000,0.94818944,50.00000000,0.11745783
48.00000000,0.95152465,50.00000000,0.11710539
48.00000000,0.95484500,50.00000000,0.11675117
48.00000000,0.95815044,50.00000000,0.11639515
48.00000000,0.96144088,50.00000000,0.11603732
48.00000000,0.96471626,50.00000000,0.11567768
48.00000000,0.96797652,50.00000000,0.11531619
48.00000000,0.97122157,50.00000000,0.11495284
48.00000000,0.97445135,50.00000000,0.11458763
48.00000000,0.97766579,50.00000000,0.11422052
48.00000000,0.98086481,50.00000000,0.11385151
48.00000000,0.98404835,50.00000000,0.11348057
48.00000000,0.98721631,50.00000000,0.11310770
48.00000000,0.99036863,50.00000000,0.11273286
48.00000000,0.99350522,50.00000000,0.11235603
48.00000000,0.99662602,50.00000000,0.11197720
48.00000000,0.99973093,50.00000000,0.11159635
48.00000000,1.00281988,50.00000000,0.11121346
48.00000000,1.00589278,50.00000000,0.11082849
48.00000000,1.00894955,50.00000000,0.11044143
48.00000000,1.01199011,50.00000000,0.11005225
48.00000000,1.01501436,50.00000000,0.10966093
48.00000000,1.01802222,50.00000000,0.10926744
48.00000000,1.02101360,50.00000000,0.10887175
48.00000000,1.02398840,50.00000000,0.10847384
48.00000000,1.02694654,50.00000000,0.10807368
48.00000000,1.02988792,50.00000000,0.10767124
48.00000000,1.03281244,50.00000000,0.10726648
48.00000000,1.03572001,50.00000000,0.10685937
48.00000000,1.03861053,50.00000000,0.10644989
48.00000000,1.04148389,50.00000000,0.10603800
48.00000000,1.04433999,50.00000000,0.10562365
48.00000000,1.04717873,50.00000000,0.10520683
48.00000000,1.05000000,50.00000000,0.10478747
48.00000000,1.05280369,50.00000000,0.10436556
48.00000000,1.05558970,50.00000000,0.10394104
48.00000000,1.05835790,50.00000000,0.10351388
48.00000000,1.06110818,50.00000000,0.10308403
48.00000000,1.06384043,50.00000000,0.10265144
48.00000000,1.06655452,50.00000000,0.10221607
48.00000000,1.06925034,50.00000000,0.10177786
48.00000000,1.07192775,50.00000000,0.10133678
48.00000000,1.07458664,50.00000000,0.10089275
48.00000000,1.07722687,50.00000000,0.10044574
48.00000000,1.07984830,50.00000000,0.09999568
48.00000000,1.08245081,50.00000000,0.09954251
48.00000000,1.08503425,50.00000000,0.09908618
48.00000000,1.08759848,50.00000000,0.09862661
48.00000000,1.09014336,50.00000000,0.09816374
48.00000000,1.09266874,50.00000000,0.09769749
48.00000000,1.09517446,50.00000000,0.09722781
48.00000000,1.09766038,50.00000000,0.09675461
48.00000000,1.10012632,50.00000000,0.09627781
48.00000000,1.10257214,50.00000000,0.09579734
48.00000000,1.10499766,50.00000000,0.09531309
48.00000000,1.10740271,50.00000000,0.09482500
48.00000000,1.10978712,50.00000000,0.09433295
48.00000000,1.11215070,50.00000000,0.09383686
48.00000000,1.11449327,50.00000000,0.09333663
48.00000000,1.11681464,50.00000000,0.09283213
48.00000000,1.11911461,50.00000000,0.09232327
48.00000000,1.12139299,50.00000000,0.09180992
48.00000000,1.12364956,50.00000000,0.09129197
48.00000000,1.12588412,50.00000000,0.09076928
48.00000000,1.12809644,50.00000000,0.09024172
48.00000000,1.13028630,50.00000000,0.08970914
48.00000000,1.13245347,50.00000000,0.08917139
48.00000000,1.13459770,50.00000000,0.08862833
48.00000000,1.13671875,50.00000000,0.08807977
48.00000000,1.13881636,50.00000000,0.08752556
48.00000000,1.14089027,50.00000000,0.08696549
48.00000000,1.14294020,50.00000000,0.08639938
48.00000000,1.14496588,50.00000000,0.08582703
48.00000000,1.14696699,50.00000000,0.08524821
48.00000000,1.14894325,50.00000000,0.08466270
48.00000000,1.15089433,50.00000000,0.08407024
48.00000000,1.15281990,50.00000000,0.08347059
48.00000000,1.15471962,50.00000000,0.08286347
48.00000000,1.15659314,50.00000000,0.08224858
48.00000000,1.15844008,50.00000000,0.08162562
48.00000000,1.16026006,50.00000000,0.08099426
48.00000000,1.16205267,50.00000000,0.08035414
48.00000000,1.16381748,50.00000000,0.07970489
48.00000000,1.16555405,50.00000000,0.07904611
48.00000000,1.16726191,50.00000000,0.07837736
48.00000000,1.16894058,50.00000000,0.07769819
48.00000000,1.17058953,50.00000000,0.07700811
48.00000000,1.17220822,50.00000000,0.07630658
48.00000000,1.17379608,50.00000000,0.07559304
48.00000000,1.17535248,50.00000000,0.07486688
48.00000000,1.17687679,50.00000000,0.07412745
48.00000000,1.17836832,50.00000000,0.07337403
48.00000000,1.17982632,50.00000000,0.07260587
48.00000000,1.18125000,50.00000000,0.07182215
48.00000000,1.18263852,50.00000000,0.07102200
48.00000000,1.18399097,50.00000000,0.07020448
48.00000000,1.18530635,50.00000000,0.06936859
48.00000000,1.18658359,50.00000000,0.06851327
48.00000000,1.18782152,50.00000000,0.06763739
48.00000000,1.18901884,50.00000000,0.06673980
48.00000000,1.19017412,50.00000000,0.06581933
48.00000000,1.19128579,50.00000000,0.06487482
48.00000000,1.19235205,50.00000000,0.06390520
48.00000000,1.19337087,50.00000000,0.06290966
48.00000000,1.19433995,50.00000000,0.06188775
48.00000000,1.19525658,50.00000000,0.06083979
48.00000000,1.19611757,50.00000000,0.05976737
48.00000000,1.19691906,50.00000000,0.05867427
48.00000000,1.19765625,50.00000000,0.05756799
48.00000000,1.19832295,50.00000000,0.05646241
48.00000000,1.19891072,50.00000000,0.05538249
48.00000000,1.19940707,50.00000000,0.05437293
48.00000000,1.19979037,50.00000000,0.05351659
48.00000000,1.20000000,50.00000000,0.05301434
51.10000000,0.00000000,50.00000000,0.14997987
51.10000000,0.00562060,50.00000000,0.14997880
51.10000000,0.01123240,50.00000000,0.14997561
51.10000000,0.01683539,50.00000000,0.14997031
51.10000000,0.02242954,50.00000000,0.14996290
51.10000000,0.02801485,50.00000000,0.14995340
51.10000000,0.03359130,50.00000000,0.14994181
51.10000000,0.03915888,50.00000000,0.14992815
51.10000000,0.04471757,50.00000000,0.14991242
51.10000000,0.05026736,50.00000000,0.14989464
51.10000000,0.05580823,50.00000000,0.14987481
51.10000000,0.06134018,50.00000000,0.14985293
51.10000000,0.06686318,50.00000000,0.14982903
51.10000000,0.07237722,50.00000000,0.14980311
51.10000000,0.07788229,50.00000000,0.14977518
51.10000000,0.08337837,50.00000000,0.14974524
51.10000000,0.08886544,50.00000000,0.14971331
51.10000000,0.09434351,50.00000000,0.14967940
51.10000000,0.09981253,50.00000000,0.14964351
51.10000000,0.10527251,50.00000000,0.14960565
51.10000000,0.11072343,50.00000000,0.14956583
51.10000000,0.11616528,50.00000000,0.14952405
51.10000000,0.12159802,50.00000000,0.14948034
51.10000000,0.12702167,50.00000000,0.14943469
51.10000000,0.13243618,50.00000000,0.14938711
51.10000000,0.13784156,50.00000000,0.14933761
51.10000000,0.14323779,50.00000000,0.14928620
51.10000000,0.14862485,50.00000000,0.14923289
51.10000000,0.15400272,50.00000000,0.14917768
51.10000000,0.15937139,50.00000000,0.14912058
51.10000000,0.16473084,50.00000000,0.14906161
51.10000000,0.17008106,50.00000000,0.14900076
51.10000000,0.17542204,50.00000000,0.14893805
51.10000000,0.18075375,50.00000000,0.14887348
51.10000000,0.18607617,50.00000000,0.14880706
51.10000000,0.19138931,50.00000000,0.14873879
51.10000000,0.19669312,50.00000000,0.14866869
51.10000000,0.20198761,50.00000000,0.14859676
51.10000000,0.20727276,50.00000000,0.14852302
51.10000000,0.21254854,50.00000000,0.14844745
51.10000000,0.21781494,50.00000000,0.14837008
51.10000000,0.22307194,50.00000000,0.14829091
51.10000000,0.22831953,50.00000000,0.14820995
51.10000000,0.23355770,50.00000000,0.14812720
51.10000000,0.23878641,50.00000000,0.14804268
51.10000000,0.24400566,50.00000000,0.14795637
51.10000000,0.24921543,50.00000000,0.14786831
51.10000000,0.25441571,50.00000000,0.14777848
51.10000000,0.25960647,50.00000000,0.14768690
51.10000000,0.26478769,50.00000000,0.14759358
51.10000000,0.26995936,50.00000000,0.14749851
51.10000000,0.27512147,50.00000000,0.14740171
51.10000000,0.28027399,50.00000000,0.14730319
51.10000000,0.28541690,50.00000000,0.14720294
51.10000000,0.29055020,50.00000000,0.14710098
51.10000000,0.29567385,50.00000000,0.14699731
51.10000000,0.30078784,50.00000000,0.14689194
51.10000000,0.30589216,50.00000000,0.14678487
51.10000000,0.31098679,50.00000000,0.14667611
51.10000000,0.31607170,50.00000000,0.14656567
51.10000000,0.32114688,50.00000000,0.14645354
51.10000000,0.32621230,50.00000000,0.14633975
51.10000000,0.33126796,50.00000000,0.14622429
51.10000000,0.33631383,50.00000000,0.14610716
51.10000000,0.34134990,50.00000000,0.14598838
51.10000000,0.34637613,50.00000000,0.14586795
51.10000000,0.35139252,50.00000000,0.14574588
51.10000000,0.35639905,50.00000000,0.14562217
51.10000000,0.36139569,50.00000000,0.14549682
51.10000000,0.36638243,50.00000000,0.14536985
51.10000000,0.37135924,50.00000000,0.14524125
51.10000000,0.37632611,50.00000000,0.14511104
51.10000000,0.38128302,50.00000000,0.14497921
51.10000000,0.38622994,50.00000000,0.14484578
51.10000000,0.39116686,50.00000000,0.14471074
51.10000000,0.39609375,50.00000000,0.14457411
51.10000000,0.40101060,50.00000000,0.14443588
51.10000000,0.40591738,50.00000000,0.14429607
51.10000000,0.41081408,50.00000000,0.14415467
51.10000000,0.41570067,50.00000000,0.14401170
51.10000000,0.42057714,50.00000000,0.14386716
51.10000000,0.42544345,50.00000000,0.14372105
51.10000000,0.43029960,50.00000000,0.14357337
51.10000000,0.43514555,50.00000000,0.14342414
51.10000000,0.43998129,50.00000000,0.14327335
51.10000000,0.44480680,50.00000000,0.14312102
51.10000000,0.44962205,50.00000000,0.14296713
51.10000000,0.45442702,50.00000000,0.14281171
51.10000000,0.45922169,50.00000000,0.14265475
51.10000000,0.46400604,50.00000000,0.14249626
51.10000000,0.46878005,50.00000000,0.14233624
51.10000000,0.47354369,50.00000000,0.14217470
51.10000000,0.47829694,50.00000000,0.14201164
51.10000000,0.48303977,50.00000000,0.14184707
51.10000000,0.48777217,50.00000000,0.14168098
51.10000000,0.49249412,50.00000000,0.14151338
51.10000000,0.49720558,50.00000000,0.14134429
51.10000000,0.50190653,50.00000000,0.14117369
51.10000000,0.50659696,50.00000000,0.14100159
51.10000000,0.51127684,50.00000000,0.14082801
51.10000000,0.51594614,50.00000000,0.14065293
51.10000000,0.52060484,50.00000000,0.14047638
51.10000000,0.52525291,50.00000000,0.14029833
51.10000000,0.52989034,50.00000000,0.14011882
51.10000000,0.53451709,50.00000000,0.13993782
51.10000000,0.53913315,50.00000000,0.13975536
51.10000000,0.54373848,50.00000000,0.13957143
51.10000000,0.54833307,50.00000000,0.13938603
51.10000000,0.55291688,50.00000000,0.13919917
51.10000000,0.55748990,50.00000000,0.13901085
51.10000000,0.56205209,50.00000000,0.13882108
51.10000000,0.56660343,50.00000000,0.13862986
51.10000000,0.57114390,50.00000000,0.13843718
51.10000000,0.57567346,50.00000000,0.13824306
51.10000000,0.58019210,50.00000000,0.13804750
51.10000000,0.58469978,50.00000000,0.13785049
51.10000000,0.58919648,50.00000000,0.13765205
51.10000000,0.59368218,50.00000000,0.13745216
51.10000000,0.59815683,50.00000000,0.13725085
51.10000000,0.60262043,50.00000000,0.13704810
51.10000000,0.60707294,50.00000000,0.13684393
51.10000000,0.61151433,50.00000000,0.13663833
51.10000000,0.61594457,50.00000000,0.13643130
51.10000000,0.62036364,50.00000000,0.13622286
51.10000000,0.62477151,50.00000000,0.13601299
51.10000000,0.62916815,50.00000000,0.13580170
51.10000000,0.63355353,50.00000000,0.13558900
51.10000000,0.63792762,50.00000000,0.13537488
51.10000000,0.64229040,50.00000000,0.13515935
51.10000000,0.64664183,50.00000000,0.13494241
51.10000000,0.65098188,50.00000000,0.13472406
51.10000000,0.65531052,50.00000000,0.13450431
51.10000000,0.65962773,50.00000000,0.13428314
51.10000000,0.66393347,50.00000000,0.13406057
51.10000000,0.66822772,50.00000000,0.13383660
51.10000000,0.67251044,50.00000000,0.13361122
51.10000000,0.67678159,50.00000000,0.13338444
51.10000000,0.68104116,50.00000000,0.13315626
51.10000000,0.68528911,50.00000000,0.13292669
51.10000000,0.68952540,50.00000000,0.13269571
51.10000000,0.69375000,50.00000000,0.13246333
51.10000000,0.69796289,50.00000000,0.13222956
51.10000000,0.70216402,50.00000000,0.13199439
51.10000000,0.70635337,50.00000000,0.13175782
51.10000000,0.71053090,50.00000000,0.13151986
51.10000000,0.71469658,50.00000000,0.13128050
51.10000000,0.71885038,50.00000000,0.13103974
51.10000000,0.72299225,50.00000000,0.13079759
51.10000000,0.72712217,50.00000000,0.13055404
51.10000000,0.73124011,50.00000000,0.13030910
51.10000000,0.73534602,50.00000000,0.13006276
51.10000000,0.73943987,50.00000000,0.12981502
51.10000000,0.74352163,50.00000000,0.12956589
51.10000000,0.74759126,50.00000000,0.12931535
51.10000000,0.75164872,50.00000000,0.12906342
51.10000000,0.75569398,50.00000000,0.12881009
51.10000000,0.75972700,50.00000000,0.12855536
51.10000000,0.76374774,50.00000000,0.12829922
51.10000000,0.76775617,50.00000000,0.12804169
51.10000000,0.77175225,50.00000000,0.12778274
51.10000000,0.77573593,50.00000000,0.12752240
51.10000000,0.77970719,50.00000000,0.12726064
51.10000000,0.78366597,50.00000000,0.12699748
51.10000000,0.78761225,50.00000000,0.12673290
51.10000000,0.79154598,50.00000000,0.12646692
51.10000000,0.79546712,50.00000000,0.12619951
51.10000000,0.79937563,50.00000000,0.12593069
51.10000000,0.80327148,50.00000000,0.12566045
51.10000000,0.80715461,50.00000000,0.12538879
51.10000000,0.81102499,50.00000000,0.12511570
51.10000000,0.81488258,50.00000000,0.12484118
51.10000000,0.81872733,50.00000000,0.12456523
51.10000000,0.82255919,50.00000000,0.12428785
51.10000000,0.82637814,50.00000000,0.12400902
51.10000000,0.83018411,50.00000000,0.12372876
51.10000000,0.83397708,50.00000000,0.12344705
51.10000000,0.83775699,50.00000000,0.12316389
51.10000000,0.84152379,50.00000000,0.12287928
51.10000000,0.84527745,50.00000000,0.12259321
51.10000000,0.84901792,50.00000000,0.12230567
51.10000000,0.85274514,50.00000000,0.12201667
51.10000000,0.85645908,50.00000000,0.12172620
51.10000000,0.86015968,50.00000000,0.12143425
51.10000000,0.86384689,50.00000000,0.12114082
51.10000000,0.86752068,50.00000000,0.12084590
51.10000000,0.87118098,50.00000000,0.12054948
51.10000000,0.87482775,50.00000000,0.12025157
51.10000000,0.87846094,50.00000000,0.11995215
51.10000000,0.88208049,50.00000000,0.11965121
51.10000000,0.88568636,50.00000000,0.11934876
51.10000000,0.88927850,50.00000000,0.11904478
51.10000000,0.89285684,50.00000000,0.11873927
51.10000000,0.89642134,50.00000000,0.11843222
51.10000000,0.89997195,50.00000000,0.11812361
51.10000000,0.90350860,50.00000000,0.11781345
51.10000000,0.90703125,50.00000000,0.11750173
51.10000000,0.91053983,50.00000000,0.11718843
51.10000000,0.91403430,50.00000000,0.11687355
51.10000000,0.91751459,50.00000000,0.11655708
51.10000000,0.92098064,50.00000000,0.11623901
51.10000000,0.92443240,50.00000000,0.11591932
51.10000000,0.92786981,50.00000000,0.11559802
51.10000000,0.93129281,50.00000000,0.11527508
51.10000000,0.93470133,50.00000000,0.11495050
51.10000000,0.93809532,50.00000000,0.11462426
51.10000000,0.94147471,50.00000000,0.11429636
51.10000000,0.94483943,50.00000000,0.11396679
51.10000000,0.94818944,50.00000000,0.11363552
51.10000000,0.95152465,50.00000000,0.11330255
51.10000000,0.95484500,50.00000000,0.11296786
51.10000000,0.95815044,50.00000000,0.11263144
51.10000000,0.96144088,50.00000000,0.11229328
51.10000000,0.96471626,50.00000000,0.11195336
51.10000000,0.96797652,50.00000000,0.11161167
51.10000000,0.97122157,50.00000000,0.11126819
51.10000000,0.97445135,50.00000000,0.11092290
51.10000000,0.97766579,50.00000000,0.11057579
51.10000000,0.98086481,50.00000000,0.11022684
51.10000000,0.98404835,50.00000000,0.10987603
51.10000000,0.98721631,50.00000000,0.10952335
51.10000000,0.99036863,50.00000000,0.10916878
51.10000000,0.99350522,50.00000000,0.10881229
51.10000000,0.99662602,50.00000000,0.10845387
51.10000000,0.99973093,50.00000000,0.10809350
51.10000000,1.00281988,50.00000000,0.10773115
51.10000000,1.00589278,50.00000000,0.10736680
51.10000000,1.00894955,50.00000000,0.10700043
51.10000000,1.01199011,50.00000000,0.10663201
51.10000000,1.01501436,50.00000000,0.10626153
51.10000000,1.01802222,50.00000000,0.10588895
51.10000000,1.02101360,50.00000000,0.10551425
51.10000000,1.02398840,50.00000000,0.10513740
51.10000000,1.02694654,50.00000000,0.10475838
51.10000000,1.02988792,50.00000000,0.10437716
51.10000000,1.03281244,50.00000000,0.10399369
51.10000000,1.03572001,50.00000000,0.10360797
51.10000000,1.03861053,50.00000000,0.10321994
51.10000000,1.04148389,50.00000000,0.10282959
51.10000000,1.04433999,50.00000000,0.10243687
51.10000000,1.04717873,50.00000000,0.10204175
51.10000000,1.05000000,50.00000000,0.10164419
51.10000000,1.05280369,50.00000000,0.10124416
51.10000000,1.05558970,50.00000000,0.10084161
51.10000000,1.05835790,50.00000000,0.10043651
51.10000000,1.06110818,50.00000000,0.10002881
51.10000000,1.06384043,50.00000000,0.09961846
51.10000000,1.06655452,50.00000000,0.09920543
51.10000000,1.06925034,50.00000000,0.09878967
51.10000000,1.07192775,50.00000000,0.09837112
51.10000000,1.07458664,50.00000000,0.09794973
51.10000000,1.07722687,50.00000000,0.09752546
51.10000000,1.07984830,50.00000000,0.09709824
51.10000000,1.08245081,50.00000000,0.09666803
51.10000000,1.08503425,50.00000000,0.09623475
51.10000000,1.08759848,50.00000000,0.09579835
51.10000000,1.09014336,50.00000000,0.09535877
51.10000000,1.09266874,50.00000000,0.09491593
51.10000000,1.09517446,50.00000000,0.09446978
51.10000000,1.09766038,50.00000000,0.09402022
51.10000000,1.10012632,50.00000000,0.09356720
51.10000000,1.10257214,50.00000000,0.09311063
51.10000000,1.10499766,50.00000000,0.09265043
51.10000000,1.10740271,50.00000000,0.09218650
51.10000000,1.10978712,50.00000000,0.09171878
51.10000000,1.11215070,50.00000000,0.09124715
51.10000000,1.11449327,50.00000000,0.09077152
51.10000000,1.11681464,50.00000000,0.09029179
51.10000000,1.11911461,50.00000000,0.08980785
51.10000000,1.12139299,50.00000000,0.08931960
51.10000000,1.12364956,50.00000000,0.08882690
51.10000000,1.12588412,50.00000000,0.08832964
51.10000000,1.12809644,50.00000000,0.08782770
51.10000000,1.13028630,50.00000000,0.08732092
51.10000000,1.13245347,50.00000000,0.08680918
51.10000000,1.13459770,50.00000000,0.08629231
51.10000000,1.13671875,50.00000000,0.08577017
51.10000000,1.13881636,50.00000000,0.08524259
51.10000000,1.14089027,50.00000000,0.08470938
51.10000000,1.14294020,50.00000000,0.08417037
51.10000000,1.14496588,50.00000000,0.08362536
51.10000000,1.14696699,50.00000000,0.08307415
51.10000000,1.14894325,50.00000000,0.08251651
51.10000000,1.15089433,50.00000000,0.08195222
51.10000000,1.15281990,50.00000000,0.08138103
51.10000000,1.15471962,50.00000000,0.08080268
51.10000000,1.15659314,50.00000000,0.08021689
51.10000000,1.15844008,50.00000000,0.07962338
51.10000000,1.16026006,50.00000000,0.07902184
51.10000000,1.16205267,50.00000000,0.07841192
51.10000000,1.16381748,50.00000000,0.07779329
51.10000000,1.16555405,50.00000000,0.07716556
51.10000000,1.16726191,50.00000000,0.07652833
51.10000000,1.16894058,50.00000000,0.07588117
51.10000000,1.17058953,50.00000000,0.07522362
51.10000000,1.17220822,50.00000000,0.07455520
51.10000000,1.17379608,50.00000000,0.07387538
51.10000000,1.17535248,50.00000000,0.07318359
51.10000000,1.17687679,50.00000000,0.07247922
51.10000000,1.17836832,50.00000000,0.07176164
51.10000000,1.17982632,50.00000000,0.07103015
51.10000000,1.18125000,50.00000000,0.07028402
51.10000000,1.18263852,50.00000000,0.06952244
51.10000000,1.18399097,50.00000000,0.06874458
51.10000000,1.18530635,50.00000000,0.06794956
51.10000000,1.18658359,50.00000000,0.06713643
51.10000000,1.18782152,50.00000000,0.06630424
51.10000000,1.18901884,50.00000000,0.06545200
51.10000000,1.19017412,50.00000000,0.06457874
51.10000000,1.19128579,50.00000000,0.06368354
51.10000000,1.19235205,50.00000000,0.06276563
51.10000000,1.19337087,50.00000000,0.06182449
51.10000000,1.19433995,50.00000000,0.06086006
51.10000000,1.19525658,50.00000000,0.05987309
51.10000000,1.19611757,50.00000000,0.05886560
51.10000000,1.19691906,50.00000000,0.05784178
51.10000000,1.19765625,50.00000000,0.05680943
51.10000000,1.19832295,50.00000000,0.05578230
51.10000000,1.19891072,50.00000000,0.05478425
51.10000000,1.19940707,50.00000000,0.05385678
51.10000000,1.19979037,50.00000000,0.05307496
51.10000000,1.20000000,50.00000000,0.05261875
